representative,all_alleles,chain_type,aa_sequence,1,2,3,4,5,6,7,8,9,10,11,12,13,14,15,16,17,18,19,20,21,22,23,24,25,26,27,28,29,30,31,32,33,34,35,36,37,38,39,40,41,42,43,44,45,46,47,48,49,50,51,51A,52,53,54,55,56,57,58,59,60,61,62,63,64,65,66,67,68,69,70,71,72,73,74,75,76,77,78,79,80,81,82,83,84,85,86,87,88,89,90,91,92,93,94,95,96,97,98,99,100,101,102,103,104,105,106,107,108,109,110,111,112,113,114,115,116,117
IGHV3-11*01,IGHV3-11*01;IGHV3-11*04,H,QVQLVESGGGLVKPGGSLRLSCAASGFTFSDYYMSWIRQAPGKGLEWVSYISSSGSTIYYADSVKGRFTISRDNAKNSLYLQMNSLRAEDTAVYYCAR,Q,V,Q,L,V,E,S,G,G,-,G,L,V,K,P,G,G,S,L,R,L,S,C,A,A,S,G,F,T,F,-,-,-,-,S,D,Y,Y,M,S,W,I,R,Q,A,P,G,K,G,L,E,-,W,V,S,Y,I,S,S,S,-,-,G,S,T,I,Y,Y,A,D,S,V,K,-,G,R,F,T,I,S,R,D,N,A,K,N,S,L,Y,L,Q,M,N,S,L,R,A,E,D,T,A,V,Y,Y,C,A,-,-,-,-,-,-,-,-,-,-,-,R
IGHV3-11*05,IGHV3-11*05;IGHV3-11*06,H,QVQLVESGGGLVKPGGSLRLSCAASGFTFSDYYMSWIRQAPGKGLEWVSYISSSSSYTNYADSVKGRFTISRDNAKNSLYLQMNSLRAEDTAVYYCAR,Q,V,Q,L,V,E,S,G,G,-,G,L,V,K,P,G,G,S,L,R,L,S,C,A,A,S,G,F,T,F,-,-,-,-,S,D,Y,Y,M,S,W,I,R,Q,A,P,G,K,G,L,E,-,W,V,S,Y,I,S,S,S,-,-,S,S,Y,T,N,Y,A,D,S,V,K,-,G,R,F,T,I,S,R,D,N,A,K,N,S,L,Y,L,Q,M,N,S,L,R,A,E,D,T,A,V,Y,Y,C,A,-,-,-,-,-,-,-,-,-,-,-,R
IGHV3-13*01,IGHV3-13*01;IGHV3-13*04,H,EVQLVESGGGLVQPGGSLRLSCAASGFTFSSYDMHWVRQATGKGLEWVSAIGTAGDTYYPGSVKGRFTISRENAKNSLYLQMNSLRAGDTAVYYCAR,E,V,Q,L,V,E,S,G,G,-,G,L,V,Q,P,G,G,S,L,R,L,S,C,A,A,S,G,F,T,F,-,-,-,-,S,S,Y,D,M,H,W,V,R,Q,A,T,G,K,G,L,E,-,W,V,S,A,I,G,T,A,-,-,-,G,D,T,Y,Y,P,G,S,V,K,-,G,R,F,T,I,S,R,E,N,A,K,N,S,L,Y,L,Q,M,N,S,L,R,A,G,D,T,A,V,Y,Y,C,A,-,-,-,-,-,-,-,-,-,-,-,R
IGHV3-13*05,IGHV3-13*05,H,EVQLVESGGGLVQPGGSLRLSCAASGFTFSSYDMHWVRQATGKGLEWVSAIGTAGDPYYPGSVKGRFTISRENAKNSLYLQMNSLRAGDTAVYYCAR,E,V,Q,L,V,E,S,G,G,-,G,L,V,Q,P,G,G,S,L,R,L,S,C,A,A,S,G,F,T,F,-,-,-,-,S,S,Y,D,M,H,W,V,R,Q,A,T,G,K,G,L,E,-,W,V,S,A,I,G,T,A,-,-,-,G,D,P,Y,Y,P,G,S,V,K,-,G,R,F,T,I,S,R,E,N,A,K,N,S,L,Y,L,Q,M,N,S,L,R,A,G,D,T,A,V,Y,Y,C,A,-,-,-,-,-,-,-,-,-,-,-,R
IGHV3-13*06,IGHV3-13*06,H,EVQLVESGGGLVQPGGSLRLSCAASGFTFSSYDMHWVRQATGKGLEWVSAIGTAGDTYYPGSVKGRFTISRENAKNSLYLQMNSLRAEDTAVYYCAR,E,V,Q,L,V,E,S,G,G,-,G,L,V,Q,P,G,G,S,L,R,L,S,C,A,A,S,G,F,T,F,-,-,-,-,S,S,Y,D,M,H,W,V,R,Q,A,T,G,K,G,L,E,-,W,V,S,A,I,G,T,A,-,-,-,G,D,T,Y,Y,P,G,S,V,K,-,G,R,F,T,I,S,R,E,N,A,K,N,S,L,Y,L,Q,M,N,S,L,R,A,E,D,T,A,V,Y,Y,C,A,-,-,-,-,-,-,-,-,-,-,-,R
IGHV3-15*01,IGHV3-15*01,H,EVQLVESGGGLVKPGGSLRLSCAASGFTFSNAWMSWVRQAPGKGLEWVGRIKSKTDGGTTDYAAPVKGRFTISRDDSKNTLYLQMNSLKTEDTAVYYCTT,E,V,Q,L,V,E,S,G,G,-,G,L,V,K,P,G,G,S,L,R,L,S,C,A,A,S,G,F,T,F,-,-,-,-,S,N,A,W,M,S,W,V,R,Q,A,P,G,K,G,L,E,-,W,V,G,R,I,K,S,K,T,D,G,G,T,T,D,Y,A,A,P,V,K,-,G,R,F,T,I,S,R,D,D,S,K,N,T,L,Y,L,Q,M,N,S,L,K,T,E,D,T,A,V,Y,Y,C,T,-,-,-,-,-,-,-,-,-,-,-,T
IGHV3-15*07,IGHV3-15*07,H,EVQLVESGGGLVKPGGSLRLSCAASGFTFSNAWMNWVRQAPGKGLEWVGRIKSKTDGGTTDYAAPVKGRFTISRDDSKNTLYLQMNSLKTEDTAVYYCTT,E,V,Q,L,V,E,S,G,G,-,G,L,V,K,P,G,G,S,L,R,L,S,C,A,A,S,G,F,T,F,-,-,-,-,S,N,A,W,M,N,W,V,R,Q,A,P,G,K,G,L,E,-,W,V,G,R,I,K,S,K,T,D,G,G,T,T,D,Y,A,A,P,V,K,-,G,R,F,T,I,S,R,D,D,S,K,N,T,L,Y,L,Q,M,N,S,L,K,T,E,D,T,A,V,Y,Y,C,T,-,-,-,-,-,-,-,-,-,-,-,T
IGHV3-16*02,IGHV3-16*02,H,EVQLVESGGGLVQPGGSLRLSCAASGFTFSNSDMNWARKAPGKGLEWVSGVSWNGSRTHYVDSVKRRFIISRDNSRNSLYLQKNRRRAEDMAVYYCVR,E,V,Q,L,V,E,S,G,G,-,G,L,V,Q,P,G,G,S,L,R,L,S,C,A,A,S,G,F,T,F,-,-,-,-,S,N,S,D,M,N,W,A,R,K,A,P,G,K,G,L,E,-,W,V,S,G,V,S,W,N,-,-,G,S,R,T,H,Y,V,D,S,V,K,-,R,R,F,I,I,S,R,D,N,S,R,N,S,L,Y,L,Q,K,N,R,R,R,A,E,D,M,A,V,Y,Y,C,V,-,-,-,-,-,-,-,-,-,-,-,R
IGHV3-16*03,IGHV3-16*03,H,EVQLVESGGGLVQPGGSLRLSCAASGFTFSNSDMNWACKAPGKGLEWVSGVSWNGSRTHYVDSVKRRFIISRDNSRNSLYLQKNRRRAEDMAVYYCVR,E,V,Q,L,V,E,S,G,G,-,G,L,V,Q,P,G,G,S,L,R,L,S,C,A,A,S,G,F,T,F,-,-,-,-,S,N,S,D,M,N,W,A,C,K,A,P,G,K,G,L,E,-,W,V,S,G,V,S,W,N,-,-,G,S,R,T,H,Y,V,D,S,V,K,-,R,R,F,I,I,S,R,D,N,S,R,N,S,L,Y,L,Q,K,N,R,R,R,A,E,D,M,A,V,Y,Y,C,V,-,-,-,-,-,-,-,-,-,-,-,R
IGHV3-16*04,IGHV3-16*04,H,EVQLVESGGGLVQPGGSLILSCAASGFTFSNSDMNWARKAPGKGLKWVSGVSWNGSRTHYVDSVKRRFIISRDNSRNSLYLQKNRRRAEDMAVYYCVR,E,V,Q,L,V,E,S,G,G,-,G,L,V,Q,P,G,G,S,L,I,L,S,C,A,A,S,G,F,T,F,-,-,-,-,S,N,S,D,M,N,W,A,R,K,A,P,G,K,G,L,K,-,W,V,S,G,V,S,W,N,-,-,G,S,R,T,H,Y,V,D,S,V,K,-,R,R,F,I,I,S,R,D,N,S,R,N,S,L,Y,L,Q,K,N,R,R,R,A,E,D,M,A,V,Y,Y,C,V,-,-,-,-,-,-,-,-,-,-,-,R
IGHV3-19*01,IGHV3-19*01,H,TVQLVESGGGLVEPGGSLRLSCAASGFTFSNSDMNWVRQAPGKGLEWVSGVSWNGSRTHYADSVKGRFIISRDNSRNFLYQQMNSLRPEDMAVYYCVR,T,V,Q,L,V,E,S,G,G,-,G,L,V,E,P,G,G,S,L,R,L,S,C,A,A,S,G,F,T,F,-,-,-,-,S,N,S,D,M,N,W,V,R,Q,A,P,G,K,G,L,E,-,W,V,S,G,V,S,W,N,-,-,G,S,R,T,H,Y,A,D,S,V,K,-,G,R,F,I,I,S,R,D,N,S,R,N,F,L,Y,Q,Q,M,N,S,L,R,P,E,D,M,A,V,Y,Y,C,V,-,-,-,-,-,-,-,-,-,-,-,R
IGHV3-20*01,IGHV3-20*01,H,EVQLVESGGGVVRPGGSLRLSCAASGFTFDDYGMSWVRQAPGKGLEWVSGINWNGGSTGYADSVKGRFTISRDNAKNSLYLQMNSLRAEDTALYHCAR,E,V,Q,L,V,E,S,G,G,-,G,V,V,R,P,G,G,S,L,R,L,S,C,A,A,S,G,F,T,F,-,-,-,-,D,D,Y,G,M,S,W,V,R,Q,A,P,G,K,G,L,E,-,W,V,S,G,I,N,W,N,-,-,G,G,S,T,G,Y,A,D,S,V,K,-,G,R,F,T,I,S,R,D,N,A,K,N,S,L,Y,L,Q,M,N,S,L,R,A,E,D,T,A,L,Y,H,C,A,-,-,-,-,-,-,-,-,-,-,-,R
IGHV3-20*02,IGHV3-20*02,H,EVQLVESGGGVVRPGGSLRLSFAASGFTFDDYGMSWVRQAPGKGLEWVSGINWNGGSTGYADSVKGRFTISRDNAKNSLYLQMNSLRAEDTALYHCAR,E,V,Q,L,V,E,S,G,G,-,G,V,V,R,P,G,G,S,L,R,L,S,F,A,A,S,G,F,T,F,-,-,-,-,D,D,Y,G,M,S,W,V,R,Q,A,P,G,K,G,L,E,-,W,V,S,G,I,N,W,N,-,-,G,G,S,T,G,Y,A,D,S,V,K,-,G,R,F,T,I,S,R,D,N,A,K,N,S,L,Y,L,Q,M,N,S,L,R,A,E,D,T,A,L,Y,H,C,A,-,-,-,-,-,-,-,-,-,-,-,R
IGHV3-20*04,IGHV3-20*04,H,EVQLVESGGGVVRPGGSLRLSCAASGFTFDDYGMSWVRQAPGKGLEWVSGINWNGGSTGYADSVKGRFTISRDNAKNSLYLQMNSLRAEDTALYYCAR,E,V,Q,L,V,E,S,G,G,-,G,V,V,R,P,G,G,S,L,R,L,S,C,A,A,S,G,F,T,F,-,-,-,-,D,D,Y,G,M,S,W,V,R,Q,A,P,G,K,G,L,E,-,W,V,S,G,I,N,W,N,-,-,G,G,S,T,G,Y,A,D,S,V,K,-,G,R,F,T,I,S,R,D,N,A,K,N,S,L,Y,L,Q,M,N,S,L,R,A,E,D,T,A,L,Y,Y,C,A,-,-,-,-,-,-,-,-,-,-,-,R
IGHV3-21*01,IGHV3-21*01;IGHV3-21*03;IGHV3-21*06,H,EVQLVESGGGLVKPGGSLRLSCAASGFTFSSYSMNWVRQAPGKGLEWVSSISSSSSYIYYADSVKGRFTISRDNAKNSLYLQMNSLRAEDTAVYYCAR,E,V,Q,L,V,E,S,G,G,-,G,L,V,K,P,G,G,S,L,R,L,S,C,A,A,S,G,F,T,F,-,-,-,-,S,S,Y,S,M,N,W,V,R,Q,A,P,G,K,G,L,E,-,W,V,S,S,I,S,S,S,-,-,S,S,Y,I,Y,Y,A,D,S,V,K,-,G,R,F,T,I,S,R,D,N,A,K,N,S,L,Y,L,Q,M,N,S,L,R,A,E,D,T,A,V,Y,Y,C,A,-,-,-,-,-,-,-,-,-,-,-,R
IGHV3-21*05,IGHV3-21*05,H,EVQLVESGGGLVKPGGSLRLSCAASGFTFSSYSMNWVRQAPGKGLEWVSYISSSSSYIYYADSVKGRFTISRDNAKNSLYLQMNSLRAEDTAVYYCAR,E,V,Q,L,V,E,S,G,G,-,G,L,V,K,P,G,G,S,L,R,L,S,C,A,A,S,G,F,T,F,-,-,-,-,S,S,Y,S,M,N,W,V,R,Q,A,P,G,K,G,L,E,-,W,V,S,Y,I,S,S,S,-,-,S,S,Y,I,Y,Y,A,D,S,V,K,-,G,R,F,T,I,S,R,D,N,A,K,N,S,L,Y,L,Q,M,N,S,L,R,A,E,D,T,A,V,Y,Y,C,A,-,-,-,-,-,-,-,-,-,-,-,R
IGHV3-21*07,IGHV3-21*07,H,EVQLVESGGGLVKPGGSLRLSCAASGFTFSSYSMNWVRQAPGKGLEWVSSISSSGSTIYYADSVKGRFTISRDNAKNSLYLQMNSLRAEDTAVYYCAR,E,V,Q,L,V,E,S,G,G,-,G,L,V,K,P,G,G,S,L,R,L,S,C,A,A,S,G,F,T,F,-,-,-,-,S,S,Y,S,M,N,W,V,R,Q,A,P,G,K,G,L,E,-,W,V,S,S,I,S,S,S,-,-,G,S,T,I,Y,Y,A,D,S,V,K,-,G,R,F,T,I,S,R,D,N,A,K,N,S,L,Y,L,Q,M,N,S,L,R,A,E,D,T,A,V,Y,Y,C,A,-,-,-,-,-,-,-,-,-,-,-,R
IGHV3-23*01,IGHV3-23*01;IGHV3-23D*01,H,EVQLLESGGGLVQPGGSLRLSCAASGFTFSSYAMSWVRQAPGKGLEWVSAISGSGGSTYYADSVKGRFTISRDNSKNTLYLQMNSLRAEDTAVYYCAK,E,V,Q,L,L,E,S,G,G,-,G,L,V,Q,P,G,G,S,L,R,L,S,C,A,A,S,G,F,T,F,-,-,-,-,S,S,Y,A,M,S,W,V,R,Q,A,P,G,K,G,L,E,-,W,V,S,A,I,S,G,S,-,-,G,G,S,T,Y,Y,A,D,S,V,K,-,G,R,F,T,I,S,R,D,N,S,K,N,T,L,Y,L,Q,M,N,S,L,R,A,E,D,T,A,V,Y,Y,C,A,-,-,-,-,-,-,-,-,-,-,-,K
IGHV3-23*03,IGHV3-23*03,H,EVQLLESGGGLVQPGGSLRLSCAASGFTFSSYAMSWVRQAPGKGLEWVSVIYSGGSSTYYADSVKGRFTISRDNSKNTLYLQMNSLRAEDTAVYYCAK,E,V,Q,L,L,E,S,G,G,-,G,L,V,Q,P,G,G,S,L,R,L,S,C,A,A,S,G,F,T,F,-,-,-,-,S,S,Y,A,M,S,W,V,R,Q,A,P,G,K,G,L,E,-,W,V,S,V,I,Y,S,G,-,-,G,S,S,T,Y,Y,A,D,S,V,K,-,G,R,F,T,I,S,R,D,N,S,K,N,T,L,Y,L,Q,M,N,S,L,R,A,E,D,T,A,V,Y,Y,C,A,-,-,-,-,-,-,-,-,-,-,-,K
IGHV3-23*04,IGHV3-23*04,H,EVQLVESGGGLVQPGGSLRLSCAASGFTFSSYAMSWVRQAPGKGLEWVSAISGSGGSTYYADSVKGRFTISRDNSKNTLYLQMNSLRAEDTAVYYCAK,E,V,Q,L,V,E,S,G,G,-,G,L,V,Q,P,G,G,S,L,R,L,S,C,A,A,S,G,F,T,F,-,-,-,-,S,S,Y,A,M,S,W,V,R,Q,A,P,G,K,G,L,E,-,W,V,S,A,I,S,G,S,-,-,G,G,S,T,Y,Y,A,D,S,V,K,-,G,R,F,T,I,S,R,D,N,S,K,N,T,L,Y,L,Q,M,N,S,L,R,A,E,D,T,A,V,Y,Y,C,A,-,-,-,-,-,-,-,-,-,-,-,K
IGHV3-25*02,IGHV3-25*02,H,EMQLVESGGGLAKPAWSPRLSCAASQFTFSSYYMNCVRQAPGNGLELV*QVNPNGGSTYLIDSGKDRFNTSRDNAKNTLHLQMNSLKTEDTALY*CTR,E,M,Q,L,V,E,S,G,G,-,G,L,A,K,P,A,W,S,P,R,L,S,C,A,A,S,Q,F,T,F,-,-,-,-,S,S,Y,Y,M,N,C,V,R,Q,A,P,G,N,G,L,E,-,L,V,*,Q,V,N,P,N,-,-,G,G,S,T,Y,L,I,D,S,G,K,-,D,R,F,N,T,S,R,D,N,A,K,N,T,L,H,L,Q,M,N,S,L,K,T,E,D,T,A,L,Y,-,-,-,-,-,-,-,-,-,-,-,-,-,-,-
IGHV3-25*03,IGHV3-25*03;IGHV3-25*05,H,EMQLVESGGGLAKPAWSPRLSCAASQFTFSSYYMNCVRQAPGNGLELVGQVNPNGGSTYLIDSGKDRFNTSRDNAKNTLHLQMNSLKTEDTALY*CTR,E,M,Q,L,V,E,S,G,G,-,G,L,A,K,P,A,W,S,P,R,L,S,C,A,A,S,Q,F,T,F,-,-,-,-,S,S,Y,Y,M,N,C,V,R,Q,A,P,G,N,G,L,E,-,L,V,G,Q,V,N,P,N,-,-,G,G,S,T,Y,L,I,D,S,G,K,-,D,R,F,N,T,S,R,D,N,A,K,N,T,L,H,L,Q,M,N,S,L,K,T,E,D,T,A,L,Y,-,-,-,-,-,-,-,-,-,-,-,-,-,-,-
IGHV3-25*04,IGHV3-25*04,H,ETQLVESGGGLAKPGRSPRLSCAASQFTFSSYYMNCVRQAPGNGLELVGQVNPNGGSTYLIDSGKDRFNTSRDNAKNTLHLQMNSLKTEDTALYYCTR,E,T,Q,L,V,E,S,G,G,-,G,L,A,K,P,G,R,S,P,R,L,S,C,A,A,S,Q,F,T,F,-,-,-,-,S,S,Y,Y,M,N,C,V,R,Q,A,P,G,N,G,L,E,-,L,V,G,Q,V,N,P,N,-,-,G,G,S,T,Y,L,I,D,S,G,K,-,D,R,F,N,T,S,R,D,N,A,K,N,T,L,H,L,Q,M,N,S,L,K,T,E,D,T,A,L,Y,Y,C,T,-,-,-,-,-,-,-,-,-,-,-,R
IGHV3-30*01,IGHV3-30*01;IGHV3-30*04;IGHV3-30-3*01;IGHV3-30-3*03,H,QVQLVESGGGVVQPGRSLRLSCAASGFTFSSYAMHWVRQAPGKGLEWVAVISYDGSNKYYADSVKGRFTISRDNSKNTLYLQMNSLRAEDTAVYYCAR,Q,V,Q,L,V,E,S,G,G,-,G,V,V,Q,P,G,R,S,L,R,L,S,C,A,A,S,G,F,T,F,-,-,-,-,S,S,Y,A,M,H,W,V,R,Q,A,P,G,K,G,L,E,-,W,V,A,V,I,S,Y,D,-,-,G,S,N,K,Y,Y,A,D,S,V,K,-,G,R,F,T,I,S,R,D,N,S,K,N,T,L,Y,L,Q,M,N,S,L,R,A,E,D,T,A,V,Y,Y,C,A,-,-,-,-,-,-,-,-,-,-,-,R
IGHV3-30*02,IGHV3-30*02;IGHV3-30-5*02,H,QVQLVESGGGVVQPGGSLRLSCAASGFTFSSYGMHWVRQAPGKGLEWVAFIRYDGSNKYYADSVKGRFTISRDNSKNTLYLQMNSLRAEDTAVYYCAK,Q,V,Q,L,V,E,S,G,G,-,G,V,V,Q,P,G,G,S,L,R,L,S,C,A,A,S,G,F,T,F,-,-,-,-,S,S,Y,G,M,H,W,V,R,Q,A,P,G,K,G,L,E,-,W,V,A,F,I,R,Y,D,-,-,G,S,N,K,Y,Y,A,D,S,V,K,-,G,R,F,T,I,S,R,D,N,S,K,N,T,L,Y,L,Q,M,N,S,L,R,A,E,D,T,A,V,Y,Y,C,A,-,-,-,-,-,-,-,-,-,-,-,K
IGHV3-30*03,IGHV3-30*03;IGHV3-30*20,H,QVQLVESGGGVVQPGRSLRLSCAASGFTFSSYGMHWVRQAPGKGLEWVAVISYDGSNKYYADSVKGRFTISRDNSKNTLYLQMNSLRAEDTAVYYCAR,Q,V,Q,L,V,E,S,G,G,-,G,V,V,Q,P,G,R,S,L,R,L,S,C,A,A,S,G,F,T,F,-,-,-,-,S,S,Y,G,M,H,W,V,R,Q,A,P,G,K,G,L,E,-,W,V,A,V,I,S,Y,D,-,-,G,S,N,K,Y,Y,A,D,S,V,K,-,G,R,F,T,I,S,R,D,N,S,K,N,T,L,Y,L,Q,M,N,S,L,R,A,E,D,T,A,V,Y,Y,C,A,-,-,-,-,-,-,-,-,-,-,-,R
IGHV3-30*18,IGHV3-30*18;IGHV3-30-5*01,H,QVQLVESGGGVVQPGRSLRLSCAASGFTFSSYGMHWVRQAPGKGLEWVAVISYDGSNKYYADSVKGRFTISRDNSKNTLYLQMNSLRAEDTAVYYCAK,Q,V,Q,L,V,E,S,G,G,-,G,V,V,Q,P,G,R,S,L,R,L,S,C,A,A,S,G,F,T,F,-,-,-,-,S,S,Y,G,M,H,W,V,R,Q,A,P,G,K,G,L,E,-,W,V,A,V,I,S,Y,D,-,-,G,S,N,K,Y,Y,A,D,S,V,K,-,G,R,F,T,I,S,R,D,N,S,K,N,T,L,Y,L,Q,M,N,S,L,R,A,E,D,T,A,V,Y,Y,C,A,-,-,-,-,-,-,-,-,-,-,-,K
IGHV3-30*i02,IGHV3-30*i02,H,QVQLVESGGGVVQPGRSLRLSCAASGFTFSSYAMHWVRQAPGKGLEWVAVISYDGSNKYYADSVKGRFTISRDNSKNTLYLQMNSLRAEDTAVYYCAK,Q,V,Q,L,V,E,S,G,G,-,G,V,V,Q,P,G,R,S,L,R,L,S,C,A,A,S,G,F,T,F,-,-,-,-,S,S,Y,A,M,H,W,V,R,Q,A,P,G,K,G,L,E,-,W,V,A,V,I,S,Y,D,-,-,G,S,N,K,Y,Y,A,D,S,V,K,-,G,R,F,T,I,S,R,D,N,S,K,N,T,L,Y,L,Q,M,N,S,L,R,A,E,D,T,A,V,Y,Y,C,A,-,-,-,-,-,-,-,-,-,-,-,K
IGHV3-33*01,IGHV3-33*01;IGHV3-33*08,H,QVQLVESGGGVVQPGRSLRLSCAASGFTFSSYGMHWVRQAPGKGLEWVAVIWYDGSNKYYADSVKGRFTISRDNSKNTLYLQMNSLRAEDTAVYYCAR,Q,V,Q,L,V,E,S,G,G,-,G,V,V,Q,P,G,R,S,L,R,L,S,C,A,A,S,G,F,T,F,-,-,-,-,S,S,Y,G,M,H,W,V,R,Q,A,P,G,K,G,L,E,-,W,V,A,V,I,W,Y,D,-,-,G,S,N,K,Y,Y,A,D,S,V,K,-,G,R,F,T,I,S,R,D,N,S,K,N,T,L,Y,L,Q,M,N,S,L,R,A,E,D,T,A,V,Y,Y,C,A,-,-,-,-,-,-,-,-,-,-,-,R
IGHV3-33*06,IGHV3-33*06,H,QVQLVESGGGVVQPGRSLRLSCAASGFTFSSYGMHWVRQAPGKGLEWVAVIWYDGSNKYYADSVKGRFTISRDNSKNTLYLQMNSLRAEDTAVYYCAK,Q,V,Q,L,V,E,S,G,G,-,G,V,V,Q,P,G,R,S,L,R,L,S,C,A,A,S,G,F,T,F,-,-,-,-,S,S,Y,G,M,H,W,V,R,Q,A,P,G,K,G,L,E,-,W,V,A,V,I,W,Y,D,-,-,G,S,N,K,Y,Y,A,D,S,V,K,-,G,R,F,T,I,S,R,D,N,S,K,N,T,L,Y,L,Q,M,N,S,L,R,A,E,D,T,A,V,Y,Y,C,A,-,-,-,-,-,-,-,-,-,-,-,K
IGHV3-35*01,IGHV3-35*01,H,EVQLVESGGGLVQPGGSLRLSCAASGFTFSNSDMNWVHQAPGKGLEWVSGVSWNGSRTHYADSVKGRFIISRDNSRNTLYLQTNSLRAEDTAVYYCVR,E,V,Q,L,V,E,S,G,G,-,G,L,V,Q,P,G,G,S,L,R,L,S,C,A,A,S,G,F,T,F,-,-,-,-,S,N,S,D,M,N,W,V,H,Q,A,P,G,K,G,L,E,-,W,V,S,G,V,S,W,N,-,-,G,S,R,T,H,Y,A,D,S,V,K,-,G,R,F,I,I,S,R,D,N,S,R,N,T,L,Y,L,Q,T,N,S,L,R,A,E,D,T,A,V,Y,Y,C,V,-,-,-,-,-,-,-,-,-,-,-,R
IGHV3-35*02,IGHV3-35*02,H,EVQLVESGGGLVQPGGSLRLSCAASGFTFSNSDMNWVHQAPGKGLEWVSGVSWNGSRTHYADSVKGQFIISRDNSRNTLYLQTNSLRAEDTAVYYCVR,E,V,Q,L,V,E,S,G,G,-,G,L,V,Q,P,G,G,S,L,R,L,S,C,A,A,S,G,F,T,F,-,-,-,-,S,N,S,D,M,N,W,V,H,Q,A,P,G,K,G,L,E,-,W,V,S,G,V,S,W,N,-,-,G,S,R,T,H,Y,A,D,S,V,K,-,G,Q,F,I,I,S,R,D,N,S,R,N,T,L,Y,L,Q,T,N,S,L,R,A,E,D,T,A,V,Y,Y,C,V,-,-,-,-,-,-,-,-,-,-,-,R
IGHV3-38*01,IGHV3-38*01,H,EVQLVESGGGLVQPRGSLRLSCAASGFTVSSNEMSWIRQAPGKGLEWVSSISGGSTYYADSRKGRFTISRDNSKNTLYLQMNNLRAEGTAAYYCARY,E,V,Q,L,V,E,S,G,G,-,G,L,V,Q,P,R,G,S,L,R,L,S,C,A,A,S,G,F,T,V,-,-,-,-,S,S,N,E,M,S,W,I,R,Q,A,P,G,K,G,L,E,-,W,V,S,S,I,S,G,-,-,-,-,G,S,T,Y,Y,A,D,S,R,K,-,G,R,F,T,I,S,R,D,N,S,K,N,T,L,Y,L,Q,M,N,N,L,R,A,E,G,T,A,A,Y,Y,C,A,-,-,-,-,-,-,-,-,-,-,-,R
IGHV3-38*02,IGHV3-38*02;IGHV3-38*03,H,EVQLVESGGGLVQPRGSLRLSCAASGFTVSSNEMSWIRQAPGKGLEWVSSISGGSTYYADSRKGRFTISRDNSKNTLYLQMNNLRAEGTAVYYCARY,E,V,Q,L,V,E,S,G,G,-,G,L,V,Q,P,R,G,S,L,R,L,S,C,A,A,S,G,F,T,V,-,-,-,-,S,S,N,E,M,S,W,I,R,Q,A,P,G,K,G,L,E,-,W,V,S,S,I,S,G,-,-,-,-,G,S,T,Y,Y,A,D,S,R,K,-,G,R,F,T,I,S,R,D,N,S,K,N,T,L,Y,L,Q,M,N,N,L,R,A,E,G,T,A,V,Y,Y,C,A,-,-,-,-,-,-,-,-,-,-,-,R
IGHV3-38-3*01,IGHV3-38-3*01,H,EVQLVESRGVLVQPGGSLRLSCAASGFTVSSNEMSWVRQAPGKGLEWVSSISGGSTYYADSRKGRFTISRDNSKNTLHLQMNSLRAEDTAVYYCKK,E,V,Q,L,V,E,S,R,G,-,V,L,V,Q,P,G,G,S,L,R,L,S,C,A,A,S,G,F,T,V,-,-,-,-,S,S,N,E,M,S,W,V,R,Q,A,P,G,K,G,L,E,-,W,V,S,S,I,S,G,-,-,-,-,G,S,T,Y,Y,A,D,S,R,K,-,G,R,F,T,I,S,R,D,N,S,K,N,T,L,H,L,Q,M,N,S,L,R,A,E,D,T,A,V,Y,Y,C,K,-,-,-,-,-,-,-,-,-,-,-,K
IGHV3-43*01,IGHV3-43*01,H,EVQLVESGGVVVQPGGSLRLSCAASGFTFDDYTMHWVRQAPGKGLEWVSLISWDGGSTYYADSVKGRFTISRDNSKNSLYLQMNSLRTEDTALYYCAKD,E,V,Q,L,V,E,S,G,G,-,V,V,V,Q,P,G,G,S,L,R,L,S,C,A,A,S,G,F,T,F,-,-,-,-,D,D,Y,T,M,H,W,V,R,Q,A,P,G,K,G,L,E,-,W,V,S,L,I,S,W,D,-,-,G,G,S,T,Y,Y,A,D,S,V,K,-,G,R,F,T,I,S,R,D,N,S,K,N,S,L,Y,L,Q,M,N,S,L,R,T,E,D,T,A,L,Y,Y,C,A,-,-,-,-,-,-,-,-,-,-,-,K
IGHV3-43*02,IGHV3-43*02,H,EVQLVESGGGVVQPGGSLRLSCAASGFTFDDYAMHWVRQAPGKGLEWVSLISGDGGSTYYADSVKGRFTISRDNSKNSLYLQMNSLRTEDTALYYCAKD,E,V,Q,L,V,E,S,G,G,-,G,V,V,Q,P,G,G,S,L,R,L,S,C,A,A,S,G,F,T,F,-,-,-,-,D,D,Y,A,M,H,W,V,R,Q,A,P,G,K,G,L,E,-,W,V,S,L,I,S,G,D,-,-,G,G,S,T,Y,Y,A,D,S,V,K,-,G,R,F,T,I,S,R,D,N,S,K,N,S,L,Y,L,Q,M,N,S,L,R,T,E,D,T,A,L,Y,Y,C,A,-,-,-,-,-,-,-,-,-,-,-,K
IGHV3-43D*03,IGHV3-43D*03;IGHV3-43D*04,H,EVQLVESGGVVVQPGGSLRLSCAASGFTFDDYAMHWVRQAPGKGLEWVSLISWDGGSTYYADSVKGRFTISRDNSKNSLYLQMNSLRAEDTALYYCAKD,E,V,Q,L,V,E,S,G,G,-,V,V,V,Q,P,G,G,S,L,R,L,S,C,A,A,S,G,F,T,F,-,-,-,-,D,D,Y,A,M,H,W,V,R,Q,A,P,G,K,G,L,E,-,W,V,S,L,I,S,W,D,-,-,G,G,S,T,Y,Y,A,D,S,V,K,-,G,R,F,T,I,S,R,D,N,S,K,N,S,L,Y,L,Q,M,N,S,L,R,A,E,D,T,A,L,Y,Y,C,A,-,-,-,-,-,-,-,-,-,-,-,K
IGHV3-43D*05,IGHV3-43D*05,H,EMQLVESGGVVVQPGGSLRLSCAASGFTFDDYAMHWVRQAPGKGLEWVSLISWDGGSTYYADSVKGRFTISRDNSKNSLYLQMNSLRAEDTALYYCAKD,E,M,Q,L,V,E,S,G,G,-,V,V,V,Q,P,G,G,S,L,R,L,S,C,A,A,S,G,F,T,F,-,-,-,-,D,D,Y,A,M,H,W,V,R,Q,A,P,G,K,G,L,E,-,W,V,S,L,I,S,W,D,-,-,G,G,S,T,Y,Y,A,D,S,V,K,-,G,R,F,T,I,S,R,D,N,S,K,N,S,L,Y,L,Q,M,N,S,L,R,A,E,D,T,A,L,Y,Y,C,A,-,-,-,-,-,-,-,-,-,-,-,K
IGHV3-47*01,IGHV3-47*01,H,EDQLVESGGGLVQPGGSLRPSCAASGFAFSSYALHWVRRAPGKGLEWVSAIGTGGDTYYADSVMGRFTISRDNAKKSLYLHMNSLIAEDMAVYYCAR,E,D,Q,L,V,E,S,G,G,-,G,L,V,Q,P,G,G,S,L,R,P,S,C,A,A,S,G,F,A,F,-,-,-,-,S,S,Y,A,L,H,W,V,R,R,A,P,G,K,G,L,E,-,W,V,S,A,I,G,T,G,-,-,-,G,D,T,Y,Y,A,D,S,V,M,-,G,R,F,T,I,S,R,D,N,A,K,K,S,L,Y,L,H,M,N,S,L,I,A,E,D,M,A,V,Y,Y,C,A,-,-,-,-,-,-,-,-,-,-,-,R
IGHV3-47*02,IGHV3-47*02,H,EDQLVESGGGLVQPGGSLRPSCAASGFAFSSYVLHWVRRAPGKGPEWVSAIGTGGDTYYADSVMGRFTISRDNAKKSLYLQMNSLIAEDMAVYYCAR,E,D,Q,L,V,E,S,G,G,-,G,L,V,Q,P,G,G,S,L,R,P,S,C,A,A,S,G,F,A,F,-,-,-,-,S,S,Y,V,L,H,W,V,R,R,A,P,G,K,G,P,E,-,W,V,S,A,I,G,T,G,-,-,-,G,D,T,Y,Y,A,D,S,V,M,-,G,R,F,T,I,S,R,D,N,A,K,K,S,L,Y,L,Q,M,N,S,L,I,A,E,D,M,A,V,Y,Y,C,A,-,-,-,-,-,-,-,-,-,-,-,R
IGHV3-48*01,IGHV3-48*01;IGHV3-48*04,H,EVQLVESGGGLVQPGGSLRLSCAASGFTFSSYSMNWVRQAPGKGLEWVSYISSSSSTIYYADSVKGRFTISRDNAKNSLYLQMNSLRAEDTAVYYCAR,E,V,Q,L,V,E,S,G,G,-,G,L,V,Q,P,G,G,S,L,R,L,S,C,A,A,S,G,F,T,F,-,-,-,-,S,S,Y,S,M,N,W,V,R,Q,A,P,G,K,G,L,E,-,W,V,S,Y,I,S,S,S,-,-,S,S,T,I,Y,Y,A,D,S,V,K,-,G,R,F,T,I,S,R,D,N,A,K,N,S,L,Y,L,Q,M,N,S,L,R,A,E,D,T,A,V,Y,Y,C,A,-,-,-,-,-,-,-,-,-,-,-,R
IGHV3-48*02,IGHV3-48*02,H,EVQLVESGGGLVQPGGSLRLSCAASGFTFSSYSMNWVRQAPGKGLEWVSYISSSSSTIYYADSVKGRFTISRDNAKNSLYLQMNSLRDEDTAVYYCAR,E,V,Q,L,V,E,S,G,G,-,G,L,V,Q,P,G,G,S,L,R,L,S,C,A,A,S,G,F,T,F,-,-,-,-,S,S,Y,S,M,N,W,V,R,Q,A,P,G,K,G,L,E,-,W,V,S,Y,I,S,S,S,-,-,S,S,T,I,Y,Y,A,D,S,V,K,-,G,R,F,T,I,S,R,D,N,A,K,N,S,L,Y,L,Q,M,N,S,L,R,D,E,D,T,A,V,Y,Y,C,A,-,-,-,-,-,-,-,-,-,-,-,R
IGHV3-48*03,IGHV3-48*03,H,EVQLVESGGGLVQPGGSLRLSCAASGFTFSSYEMNWVRQAPGKGLEWVSYISSSGSTIYYADSVKGRFTISRDNAKNSLYLQMNSLRAEDTAVYYCAR,E,V,Q,L,V,E,S,G,G,-,G,L,V,Q,P,G,G,S,L,R,L,S,C,A,A,S,G,F,T,F,-,-,-,-,S,S,Y,E,M,N,W,V,R,Q,A,P,G,K,G,L,E,-,W,V,S,Y,I,S,S,S,-,-,G,S,T,I,Y,Y,A,D,S,V,K,-,G,R,F,T,I,S,R,D,N,A,K,N,S,L,Y,L,Q,M,N,S,L,R,A,E,D,T,A,V,Y,Y,C,A,-,-,-,-,-,-,-,-,-,-,-,R
IGHV3-49*03,IGHV3-49*03,H,EVQLVESGGGLVQPGRSLRLSCTASGFTFGDYAMSWFRQAPGKGLEWVGFIRSKAYGGTTEYAASVKGRFTISRDDSKSIAYLQMNSLKTEDTAVYYCTR,E,V,Q,L,V,E,S,G,G,-,G,L,V,Q,P,G,R,S,L,R,L,S,C,T,A,S,G,F,T,F,-,-,-,-,G,D,Y,A,M,S,W,F,R,Q,A,P,G,K,G,L,E,-,W,V,G,F,I,R,S,K,A,Y,G,G,T,T,E,Y,A,A,S,V,K,-,G,R,F,T,I,S,R,D,D,S,K,S,I,A,Y,L,Q,M,N,S,L,K,T,E,D,T,A,V,Y,Y,C,T,-,-,-,-,-,-,-,-,-,-,-,R
IGHV3-49*04,IGHV3-49*04,H,EVQLVESGGGLVQPGRSLRLSCTASGFTFGDYAMSWVRQAPGKGLEWVGFIRSKAYGGTTEYAASVKGRFTISRDDSKSIAYLQMNSLKTEDTAVYYCTR,E,V,Q,L,V,E,S,G,G,-,G,L,V,Q,P,G,R,S,L,R,L,S,C,T,A,S,G,F,T,F,-,-,-,-,G,D,Y,A,M,S,W,V,R,Q,A,P,G,K,G,L,E,-,W,V,G,F,I,R,S,K,A,Y,G,G,T,T,E,Y,A,A,S,V,K,-,G,R,F,T,I,S,R,D,D,S,K,S,I,A,Y,L,Q,M,N,S,L,K,T,E,D,T,A,V,Y,Y,C,T,-,-,-,-,-,-,-,-,-,-,-,R
IGHV3-49*05,IGHV3-49*05,H,EVQLVESGGGLVKPGRSLRLSCTASGFTFGDYAMSWFRQAPGKGLEWVGFIRSKAYGGTTEYAASVKGRFTISRDDSKSIAYLQMNSLKTEDTAVYYCTR,E,V,Q,L,V,E,S,G,G,-,G,L,V,K,P,G,R,S,L,R,L,S,C,T,A,S,G,F,T,F,-,-,-,-,G,D,Y,A,M,S,W,F,R,Q,A,P,G,K,G,L,E,-,W,V,G,F,I,R,S,K,A,Y,G,G,T,T,E,Y,A,A,S,V,K,-,G,R,F,T,I,S,R,D,D,S,K,S,I,A,Y,L,Q,M,N,S,L,K,T,E,D,T,A,V,Y,Y,C,T,-,-,-,-,-,-,-,-,-,-,-,R
IGHV3-53*01,IGHV3-53*01,H,EVQLVESGGGLIQPGGSLRLSCAASGFTVSSNYMSWVRQAPGKGLEWVSVIYSGGSTYYADSVKGRFTISRDNSKNTLYLQMNSLRAEDTAVYYCAR,E,V,Q,L,V,E,S,G,G,-,G,L,I,Q,P,G,G,S,L,R,L,S,C,A,A,S,G,F,T,V,-,-,-,-,S,S,N,Y,M,S,W,V,R,Q,A,P,G,K,G,L,E,-,W,V,S,V,I,Y,S,G,-,-,-,G,S,T,Y,Y,A,D,S,V,K,-,G,R,F,T,I,S,R,D,N,S,K,N,T,L,Y,L,Q,M,N,S,L,R,A,E,D,T,A,V,Y,Y,C,A,-,-,-,-,-,-,-,-,-,-,-,R
IGHV3-53*02,IGHV3-53*02;IGHV3-53*05,H,EVQLVETGGGLIQPGGSLRLSCAASGFTVSSNYMSWVRQAPGKGLEWVSVIYSGGSTYYADSVKGRFTISRDNSKNTLYLQMNSLRAEDTAVYYCAR,E,V,Q,L,V,E,T,G,G,-,G,L,I,Q,P,G,G,S,L,R,L,S,C,A,A,S,G,F,T,V,-,-,-,-,S,S,N,Y,M,S,W,V,R,Q,A,P,G,K,G,L,E,-,W,V,S,V,I,Y,S,G,-,-,-,G,S,T,Y,Y,A,D,S,V,K,-,G,R,F,T,I,S,R,D,N,S,K,N,T,L,Y,L,Q,M,N,S,L,R,A,E,D,T,A,V,Y,Y,C,A,-,-,-,-,-,-,-,-,-,-,-,R
IGHV3-53*04,IGHV3-53*04,H,EVQLVESGGGLVQPGGSLRLSCAASGFTVSSNYMSWVRQAPGKGLEWVSVIYSGGSTYYADSVKGRFTISRHNSKNTLYLQMNSLRAEDTAVYYCAR,E,V,Q,L,V,E,S,G,G,-,G,L,V,Q,P,G,G,S,L,R,L,S,C,A,A,S,G,F,T,V,-,-,-,-,S,S,N,Y,M,S,W,V,R,Q,A,P,G,K,G,L,E,-,W,V,S,V,I,Y,S,G,-,-,-,G,S,T,Y,Y,A,D,S,V,K,-,G,R,F,T,I,S,R,H,N,S,K,N,T,L,Y,L,Q,M,N,S,L,R,A,E,D,T,A,V,Y,Y,C,A,-,-,-,-,-,-,-,-,-,-,-,R
IGHV3-62*03,IGHV3-62*03,H,EVQLVESGEGLVQPGGSLRLSCAASGFTFSSSAMHWVRQAPRKGL*WVSVISTSGDTVLYTDSVKGRFTISRDNAQNSLYLQMNSLRADDMAVYYCVK,E,V,Q,L,V,E,S,G,E,-,G,L,V,Q,P,G,G,S,L,R,L,S,C,A,A,S,G,F,T,F,-,-,-,-,S,S,S,A,M,H,W,V,R,Q,A,P,R,K,G,-,L,*,W,V,S,V,I,S,T,S,-,-,G,D,T,V,L,Y,T,D,S,V,K,-,G,R,F,T,I,S,R,D,N,A,Q,N,S,L,Y,L,Q,M,N,S,L,R,A,D,D,M,A,V,Y,Y,C,V,-,-,-,-,-,-,-,-,-,-,-,K
IGHV3-64*01,IGHV3-64*01,H,EVQLVESGGGLVQPGGSLRLSCAASGFTFSSYAMHWVRQAPGKGLEYVSAISSNGGSTYYANSVKGRFTISRDNSKNTLYLQMGSLRAEDMAVYYCAR,E,V,Q,L,V,E,S,G,G,-,G,L,V,Q,P,G,G,S,L,R,L,S,C,A,A,S,G,F,T,F,-,-,-,-,S,S,Y,A,M,H,W,V,R,Q,A,P,G,K,G,L,E,-,Y,V,S,A,I,S,S,N,-,-,G,G,S,T,Y,Y,A,N,S,V,K,-,G,R,F,T,I,S,R,D,N,S,K,N,T,L,Y,L,Q,M,G,S,L,R,A,E,D,M,A,V,Y,Y,C,A,-,-,-,-,-,-,-,-,-,-,-,R
IGHV3-64*02,IGHV3-64*02,H,EVQLVESGEGLVQPGGSLRLSCAASGFTFSSYAMHWVRQAPGKGLEYVSAISSNGGSTYYADSVKGRFTISRDNSKNTLYLQMGSLRAEDMAVYYCAR,E,V,Q,L,V,E,S,G,E,-,G,L,V,Q,P,G,G,S,L,R,L,S,C,A,A,S,G,F,T,F,-,-,-,-,S,S,Y,A,M,H,W,V,R,Q,A,P,G,K,G,L,E,-,Y,V,S,A,I,S,S,N,-,-,G,G,S,T,Y,Y,A,D,S,V,K,-,G,R,F,T,I,S,R,D,N,S,K,N,T,L,Y,L,Q,M,G,S,L,R,A,E,D,M,A,V,Y,Y,C,A,-,-,-,-,-,-,-,-,-,-,-,R
IGHV3-64*07,IGHV3-64*07,H,EVQLVESGGGLVQPGGSLRLSCAASGFTFSSYAMHWVRQAPGKGLEYVSAISSNGGSTYYADSVKGRFTISRDNSKNTLYLQMGSLRAEDMAVYYCAR,E,V,Q,L,V,E,S,G,G,-,G,L,V,Q,P,G,G,S,L,R,L,S,C,A,A,S,G,F,T,F,-,-,-,-,S,S,Y,A,M,H,W,V,R,Q,A,P,G,K,G,L,E,-,Y,V,S,A,I,S,S,N,-,-,G,G,S,T,Y,Y,A,D,S,V,K,-,G,R,F,T,I,S,R,D,N,S,K,N,T,L,Y,L,Q,M,G,S,L,R,A,E,D,M,A,V,Y,Y,C,A,-,-,-,-,-,-,-,-,-,-,-,R
IGHV3-64D*06,IGHV3-64D*06;IGHV3-64D*08;IGHV3-64D*09,H,EVQLVESGGGLVQPGGSLRLSCSASGFTFSSYAMHWVRQAPGKGLEYVSAISSNGGSTYYADSVKGRFTISRDNSKNTLYLQMSSLRAEDTAVYYCVK,E,V,Q,L,V,E,S,G,G,-,G,L,V,Q,P,G,G,S,L,R,L,S,C,S,A,S,G,F,T,F,-,-,-,-,S,S,Y,A,M,H,W,V,R,Q,A,P,G,K,G,L,E,-,Y,V,S,A,I,S,S,N,-,-,G,G,S,T,Y,Y,A,D,S,V,K,-,G,R,F,T,I,S,R,D,N,S,K,N,T,L,Y,L,Q,M,S,S,L,R,A,E,D,T,A,V,Y,Y,C,V,-,-,-,-,-,-,-,-,-,-,-,K
IGHV3-66*01,IGHV3-66*01;IGHV3-66*02,H,EVQLVESGGGLVQPGGSLRLSCAASGFTVSSNYMSWVRQAPGKGLEWVSVIYSGGSTYYADSVKGRFTISRDNSKNTLYLQMNSLRAEDTAVYYCAR,E,V,Q,L,V,E,S,G,G,-,G,L,V,Q,P,G,G,S,L,R,L,S,C,A,A,S,G,F,T,V,-,-,-,-,S,S,N,Y,M,S,W,V,R,Q,A,P,G,K,G,L,E,-,W,V,S,V,I,Y,S,G,-,-,-,G,S,T,Y,Y,A,D,S,V,K,-,G,R,F,T,I,S,R,D,N,S,K,N,T,L,Y,L,Q,M,N,S,L,R,A,E,D,T,A,V,Y,Y,C,A,-,-,-,-,-,-,-,-,-,-,-,R
IGHV3-66*03,IGHV3-66*03,H,EVQLVESGGGLIQPGGSLRLSCAASGFTVSSNYMSWVRQAPGKGLEWVSVIYSCGSTYYADSVKGRFTISRDNSKNTLYLQMNSLRAEDTAVYYCAR,E,V,Q,L,V,E,S,G,G,-,G,L,I,Q,P,G,G,S,L,R,L,S,C,A,A,S,G,F,T,V,-,-,-,-,S,S,N,Y,M,S,W,V,R,Q,A,P,G,K,G,L,E,-,W,V,S,V,I,Y,S,C,-,-,-,G,S,T,Y,Y,A,D,S,V,K,-,G,R,F,T,I,S,R,D,N,S,K,N,T,L,Y,L,Q,M,N,S,L,R,A,E,D,T,A,V,Y,Y,C,A,-,-,-,-,-,-,-,-,-,-,-,R
IGHV3-69-1*01,IGHV3-69-1*01;IGHV3-69-1*02,H,EVQLVESGGGLVKPGGSLRLSCAASGFTFSDYYMNWVRQAPGKGLEWVSSISSSSTIYYADSVKGRFTISRDNAKNSLYLQMNSLRAEDTAVYYCAR,E,V,Q,L,V,E,S,G,G,-,G,L,V,K,P,G,G,S,L,R,L,S,C,A,A,S,G,F,T,F,-,-,-,-,S,D,Y,Y,M,N,W,V,R,Q,A,P,G,K,G,L,E,-,W,V,S,S,I,S,S,S,-,-,-,S,T,I,Y,Y,A,D,S,V,K,-,G,R,F,T,I,S,R,D,N,A,K,N,S,L,Y,L,Q,M,N,S,L,R,A,E,D,T,A,V,Y,Y,C,A,-,-,-,-,-,-,-,-,-,-,-,R
IGHV3-7*01,IGHV3-7*01;IGHV3-7*03;IGHV3-7*04;IGHV3-7*05,H,EVQLVESGGGLVQPGGSLRLSCAASGFTFSSYWMSWVRQAPGKGLEWVANIKQDGSEKYYVDSVKGRFTISRDNAKNSLYLQMNSLRAEDTAVYYCAR,E,V,Q,L,V,E,S,G,G,-,G,L,V,Q,P,G,G,S,L,R,L,S,C,A,A,S,G,F,T,F,-,-,-,-,S,S,Y,W,M,S,W,V,R,Q,A,P,G,K,G,L,E,-,W,V,A,N,I,K,Q,D,-,-,G,S,E,K,Y,Y,V,D,S,V,K,-,G,R,F,T,I,S,R,D,N,A,K,N,S,L,Y,L,Q,M,N,S,L,R,A,E,D,T,A,V,Y,Y,C,A,-,-,-,-,-,-,-,-,-,-,-,R
IGHV3-72*01,IGHV3-72*01,H,EVQLVESGGGLVQPGGSLRLSCAASGFTFSDHYMDWVRQAPGKGLEWVGRTRNKANSYTTEYAASVKGRFTISRDDSKNSLYLQMNSLKTEDTAVYYCAR,E,V,Q,L,V,E,S,G,G,-,G,L,V,Q,P,G,G,S,L,R,L,S,C,A,A,S,G,F,T,F,-,-,-,-,S,D,H,Y,M,D,W,V,R,Q,A,P,G,K,G,L,E,-,W,V,G,R,T,R,N,K,A,N,S,Y,T,T,E,Y,A,A,S,V,K,-,G,R,F,T,I,S,R,D,D,S,K,N,S,L,Y,L,Q,M,N,S,L,K,T,E,D,T,A,V,Y,Y,C,A,-,-,-,-,-,-,-,-,-,-,-,R
IGHV3-73*01,IGHV3-73*01;IGHV3-73*02,H,EVQLVESGGGLVQPGGSLKLSCAASGFTFSGSAMHWVRQASGKGLEWVGRIRSKANSYATAYAASVKGRFTISRDDSKNTAYLQMNSLKTEDTAVYYCTR,E,V,Q,L,V,E,S,G,G,-,G,L,V,Q,P,G,G,S,L,K,L,S,C,A,A,S,G,F,T,F,-,-,-,-,S,G,S,A,M,H,W,V,R,Q,A,S,G,K,G,L,E,-,W,V,G,R,I,R,S,K,A,N,S,Y,A,T,A,Y,A,A,S,V,K,-,G,R,F,T,I,S,R,D,D,S,K,N,T,A,Y,L,Q,M,N,S,L,K,T,E,D,T,A,V,Y,Y,C,T,-,-,-,-,-,-,-,-,-,-,-,R
IGHV3-74*01,IGHV3-74*01,H,EVQLVESGGGLVQPGGSLRLSCAASGFTFSSYWMHWVRQAPGKGLVWVSRINSDGSSTSYADSVKGRFTISRDNAKNTLYLQMNSLRAEDTAVYYCAR,E,V,Q,L,V,E,S,G,G,-,G,L,V,Q,P,G,G,S,L,R,L,S,C,A,A,S,G,F,T,F,-,-,-,-,S,S,Y,W,M,H,W,V,R,Q,A,P,G,K,G,L,V,-,W,V,S,R,I,N,S,D,-,-,G,S,S,T,S,Y,A,D,S,V,K,-,G,R,F,T,I,S,R,D,N,A,K,N,T,L,Y,L,Q,M,N,S,L,R,A,E,D,T,A,V,Y,Y,C,A,-,-,-,-,-,-,-,-,-,-,-,R
IGHV3-9*01,IGHV3-9*01,H,EVQLVESGGGLVQPGRSLRLSCAASGFTFDDYAMHWVRQAPGKGLEWVSGISWNSGSIGYADSVKGRFTISRDNAKNSLYLQMNSLRAEDTALYYCAKD,E,V,Q,L,V,E,S,G,G,-,G,L,V,Q,P,G,R,S,L,R,L,S,C,A,A,S,G,F,T,F,-,-,-,-,D,D,Y,A,M,H,W,V,R,Q,A,P,G,K,G,L,E,-,W,V,S,G,I,S,W,N,-,-,S,G,S,I,G,Y,A,D,S,V,K,-,G,R,F,T,I,S,R,D,N,A,K,N,S,L,Y,L,Q,M,N,S,L,R,A,E,D,T,A,L,Y,Y,C,A,-,-,-,-,-,-,-,-,-,-,-,K
IGHV3-9*02,IGHV3-9*02,H,EVQLVESGGGLVQPGRSLRLSCAASGFTSDDYAMHWVRQAPGKGLEWVSGISWNSGSIGYADSVKGRFTISRDNAKNSLYLQMNSLRAEDTALYYCAKD,E,V,Q,L,V,E,S,G,G,-,G,L,V,Q,P,G,R,S,L,R,L,S,C,A,A,S,G,F,T,S,-,-,-,-,D,D,Y,A,M,H,W,V,R,Q,A,P,G,K,G,L,E,-,W,V,S,G,I,S,W,N,-,-,S,G,S,I,G,Y,A,D,S,V,K,-,G,R,F,T,I,S,R,D,N,A,K,N,S,L,Y,L,Q,M,N,S,L,R,A,E,D,T,A,L,Y,Y,C,A,-,-,-,-,-,-,-,-,-,-,-,K
IGHV3-9*03,IGHV3-9*03,H,EVQLVESGGGLVQPGRSLRLSCAASGFTFDDYAMHWVRQAPGKGLEWVSGISWNSGSIGYADSVKGRFTISRDNAKNSLYLQMNSLRAEDMALYYCAKD,E,V,Q,L,V,E,S,G,G,-,G,L,V,Q,P,G,R,S,L,R,L,S,C,A,A,S,G,F,T,F,-,-,-,-,D,D,Y,A,M,H,W,V,R,Q,A,P,G,K,G,L,E,-,W,V,S,G,I,S,W,N,-,-,S,G,S,I,G,Y,A,D,S,V,K,-,G,R,F,T,I,S,R,D,N,A,K,N,S,L,Y,L,Q,M,N,S,L,R,A,E,D,M,A,L,Y,Y,C,A,-,-,-,-,-,-,-,-,-,-,-,K
IGHV3-9*04,IGHV3-9*04,H,EVQLVESGGGLVQPGRSLRLSCAASGFTFDDYAMHWVRQAPGKGLEWVSGISWNSGSIGYADSVKGRFTISRDNAKNSLYLQMNSLRAEDTALYHCAK,E,V,Q,L,V,E,S,G,G,-,G,L,V,Q,P,G,R,S,L,R,L,S,C,A,A,S,G,F,T,F,-,-,-,-,D,D,Y,A,M,H,W,V,R,Q,A,P,G,K,G,L,E,-,W,V,S,G,I,S,W,N,-,-,S,G,S,I,G,Y,A,D,S,V,K,-,G,R,F,T,I,S,R,D,N,A,K,N,S,L,Y,L,Q,M,N,S,L,R,A,E,D,T,A,L,Y,H,C,A,-,-,-,-,-,-,-,-,-,-,-,K
IGHV3-NL1*01,IGHV3-NL1*01,H,QVQLVESGGGVVQPGGSLRLSCAASGFTFSSYGMHWVRQAPGKGLEWVSVIYSGGSSTYYADSVKGRFTISRDNSKNTLYLQMNSLRAEDTAVYYCAK,Q,V,Q,L,V,E,S,G,G,-,G,V,V,Q,P,G,G,S,L,R,L,S,C,A,A,S,G,F,T,F,-,-,-,-,S,S,Y,G,M,H,W,V,R,Q,A,P,G,K,G,L,E,-,W,V,S,V,I,Y,S,G,-,-,G,S,S,T,Y,Y,A,D,S,V,K,-,G,R,F,T,I,S,R,D,N,S,K,N,T,L,Y,L,Q,M,N,S,L,R,A,E,D,T,A,V,Y,Y,C,A,-,-,-,-,-,-,-,-,-,-,-,K
