pdb_pos,aa,imgt_pos,insertion,region,mutation
1,Q,1,,FR1,Qâ†’E
2,V,2,,FR1,
3,Q,3,,FR1,
4,L,4,,FR1,
5,Q,5,,FR1,Qâ†’V
6,E,6,,FR1,
7,S,7,,FR1,
8,G,8,,FR1,
9,G,9,,FR1,
10,G,11,,FR1,
11,S,12,,FR1,Sâ†’L
12,V,13,,FR1,
13,Q,14,,FR1,
14,A,15,,FR1,Aâ†’P
15,G,16,,FR1,
16,G,17,,FR1,
17,S,18,,FR1,
18,L,19,,FR1,
19,R,20,,FR1,
20,L,21,,FR1,
21,S,22,,FR1,
22,C,23,,FR1,
23,A,24,,FR1,
24,A,25,,FR1,
25,S,26,,FR1,
26,G,27,,CDR1,
27,Y,28,,CDR1,
28,T,29,,CDR1,
29,V,30,,CDR1,
30,R,35,,CDR1,
31,S,36,,CDR1,
32,S,37,,CDR1,
33,Y,38,,CDR1,
34,M,39,,FR2,
35,G,40,,FR2,Gâ†’S
36,W,41,,FR2,
37,F,42,,FR2,
38,R,43,,FR2,
39,Q,44,,FR2,
40,V,45,,FR2,Vâ†’A
41,P,46,,FR2,
42,G,47,,FR2,
43,K,48,,FR2,
44,Q,49,,FR2,
45,R,50,,FR2,
46,E,51,,FR2,
47,A,52,,FR2,
48,V,53,,FR2,
49,A,54,,FR2,Aâ†’S
50,I,55,,FR2,Iâ†’V
51,I,56,,CDR2,
52,T,57,,CDR2,
53,S,58,,CDR2,
54,G,59,,CDR2,
55,G,63,,CDR2,
56,T,64,,CDR2,
57,T,65,,CDR2,
58,Y,66,,FR3,
59,Y,67,,FR3,
60,A,68,,FR3,
61,D,69,,FR3,
62,S,70,,FR3,
63,V,71,,FR3,
64,K,72,,FR3,
65,G,74,,FR3,
66,R,75,,FR3,
67,F,76,,FR3,
68,T,77,,FR3,
69,I,78,,FR3,
70,S,79,,FR3,
71,R,80,,FR3,
72,D,81,,FR3,
73,N,82,,FR3,
74,A,83,,FR3,Aâ†’S
75,K,84,,FR3,
76,N,85,,FR3,
77,T,86,,FR3,
78,L,87,,FR3,
79,Y,88,,FR3,
80,L,89,,FR3,
81,Q,90,,FR3,
82,M,91,,FR3,
83,N,92,,FR3,
84,S,93,,FR3,
85,L,94,,FR3,
86,K,95,,FR3,Kâ†’R
87,P,96,,FR3,Pâ†’A
88,E,97,,FR3,
89,D,98,,FR3,
90,T,99,,FR3,
91,A,100,,FR3,
92,M,101,,FR3,Mâ†’V
93,Y,102,,FR3,
94,Y,103,,FR3,
95,C,104,,FR3,
96,A,105,,CDR3,
97,G,106,,CDR3,
98,R,107,,CDR3,
99,T,108,,CDR3,
100,G,109,,CDR3,
101,F,110,,CDR3,
102,I,111,,CDR3,
103,G,111A,A,CDR3,
104,G,111B,B,CDR3,
105,I,111C,C,CDR3,
106,W,112C,C,CDR3,
107,F,112B,B,CDR3,
108,R,112A,A,CDR3,
109,D,112,,CDR3,
110,R,113,,CDR3,
111,D,114,,CDR3,
112,Y,115,,CDR3,
113,D,116,,CDR3,
114,Y,117,,CDR3,
115,W,118,,FR4,
116,G,119,,FR4,
117,Q,120,,FR4,
118,G,121,,FR4,
119,T,122,,FR4,
120,Q,123,,FR4,Qâ†’L
121,V,124,,FR4,
122,T,125,,FR4,
123,V,126,,FR4,
124,S,127,,FR4,
125,S,128,,FR4,
