set,rosetta_name,label,imgt_pos,region,ddg,std
set1,MUT_11LEU,S12L,12,FR1,-3.538,2.953
set1,MUT_120LEU,Q123L,123,FR4,-0.595,0.912
set1,MUT_14PRO,A15P,15,FR1,6.043,0.367
set1,MUT_1GLU,Q1E,1,FR1,2.092,0.314
set1,MUT_35SER,G40S,40,FR2,-1.378,0.363
set1,MUT_40ALA,V45A,45,FR2,2.761,0.166
set1,MUT_49SER,A54S,54,FR2,4.155,1.245
set1,MUT_50VAL,I55V,55,FR2,2.525,0.197
set1,MUT_5VAL,Q5V,5,FR1,-0.088,0.306
set1,MUT_74SER,A83S,83,FR3,-2.133,0.228
set1,MUT_86ARG,K95R,95,FR3,0.225,1.802
set1,MUT_87ALA,P96A,96,FR3,3.440,0.907
set1,MUT_92VAL,M101V,101,FR3,-2.266,0.832
set2,MUT_50ALA,I55A,55,FR2,4.102,2.252
set2,MUT_50ARG,I55R,55,FR2,7.830,1.102
set2,MUT_50GLN,I55Q,55,FR2,5.122,1.465
set2,MUT_50GLY,I55G,55,FR2,10.887,1.608
set2,MUT_50LEU,I55L,55,FR2,-0.253,1.091
set2,MUT_50PHE,I55F,55,FR2,0.854,1.337
set2,MUT_50SER,I55S,55,FR2,10.320,1.101
set2,MUT_50TYR,I55Y,55,FR2,4.669,1.097
set2,MUT_87ASP,P96D,96,FR3,5.623,1.086
set2,MUT_87VAL,P96V,96,FR3,3.682,1.102
