imgt_pos,region,nanobody_wt,humanization_target,set1_ddg,amino_acid,vh3_proportion
1,FR1,Q,E,2.09,E,0.8358
1,FR1,Q,E,2.09,Q,0.1493
1,FR1,Q,E,2.09,T,0.0149
15,FR1,A,P,6.04,P,1.0
45,FR2,V,A,2.76,A,1.0
54,FR2,A,S,4.16,S,0.7313
54,FR2,A,S,4.16,G,0.1343
54,FR2,A,S,4.16,A,0.1194
55,FR2,I,V,2.52,V,0.209
55,FR2,I,V,2.52,G,0.194
55,FR2,I,V,2.52,A,0.1642
55,FR2,I,V,2.52,S,0.0896
55,FR2,I,V,2.52,Y,0.0896
55,FR2,I,V,2.52,R,0.0746
55,FR2,I,V,2.52,F,0.0597
55,FR2,I,V,2.52,L,0.0597
55,FR2,I,V,2.52,Q,0.0448
55,FR2,I,V,2.52,N,0.0149
96,FR3,P,A,3.44,A,0.791
96,FR3,P,A,3.44,T,0.1791
96,FR3,P,A,3.44,D,0.0149
96,FR3,P,A,3.44,P,0.0149
