pdb_pos,aa,imgt_pos,region,mutation,ddg,std,accepted
1,Q,1,FR1,Q1E,2.092,0.314,False
5,Q,5,FR1,Q5V,-0.088,0.306,True
11,S,12,FR1,S12L,-3.538,2.953,True
14,A,15,FR1,A15P,6.043,0.367,False
35,G,40,FR2,G40S,-1.378,0.363,True
40,V,45,FR2,V45A,2.761,0.166,False
49,A,54,FR2,A54S,4.155,1.245,False
50,I,55,FR2,I55V→L,2.525,0.197,True
74,A,83,FR3,A83S,-2.133,0.228,True
86,K,95,FR3,K95R,0.225,1.802,True
87,P,96,FR3,P96A,3.440,0.907,False
92,M,101,FR3,M101V,-2.266,0.832,True
120,Q,123,FR4,Q123L,-0.595,0.912,True
