pdb_pos,wt,mut,imgt_pos,region,mutation_label
1,Q,A,1,FR1,Q1A
1,Q,C,1,FR1,Q1C
1,Q,D,1,FR1,Q1D
1,Q,E,1,FR1,Q1E
1,Q,F,1,FR1,Q1F
1,Q,G,1,FR1,Q1G
1,Q,H,1,FR1,Q1H
1,Q,I,1,FR1,Q1I
1,Q,K,1,FR1,Q1K
1,Q,L,1,FR1,Q1L
1,Q,M,1,FR1,Q1M
1,Q,N,1,FR1,Q1N
1,Q,P,1,FR1,Q1P
1,Q,R,1,FR1,Q1R
1,Q,S,1,FR1,Q1S
1,Q,T,1,FR1,Q1T
1,Q,V,1,FR1,Q1V
1,Q,W,1,FR1,Q1W
1,Q,Y,1,FR1,Q1Y
2,V,A,2,FR1,V2A
2,V,C,2,FR1,V2C
2,V,D,2,FR1,V2D
2,V,E,2,FR1,V2E
2,V,F,2,FR1,V2F
2,V,G,2,FR1,V2G
2,V,H,2,FR1,V2H
2,V,I,2,FR1,V2I
2,V,K,2,FR1,V2K
2,V,L,2,FR1,V2L
2,V,M,2,FR1,V2M
2,V,N,2,FR1,V2N
2,V,P,2,FR1,V2P
2,V,Q,2,FR1,V2Q
2,V,R,2,FR1,V2R
2,V,S,2,FR1,V2S
2,V,T,2,FR1,V2T
2,V,W,2,FR1,V2W
2,V,Y,2,FR1,V2Y
3,Q,A,3,FR1,Q3A
3,Q,C,3,FR1,Q3C
3,Q,D,3,FR1,Q3D
3,Q,E,3,FR1,Q3E
3,Q,F,3,FR1,Q3F
3,Q,G,3,FR1,Q3G
3,Q,H,3,FR1,Q3H
3,Q,I,3,FR1,Q3I
3,Q,K,3,FR1,Q3K
3,Q,L,3,FR1,Q3L
3,Q,M,3,FR1,Q3M
3,Q,N,3,FR1,Q3N
3,Q,P,3,FR1,Q3P
3,Q,R,3,FR1,Q3R
3,Q,S,3,FR1,Q3S
3,Q,T,3,FR1,Q3T
3,Q,V,3,FR1,Q3V
3,Q,W,3,FR1,Q3W
3,Q,Y,3,FR1,Q3Y
4,L,A,4,FR1,L4A
4,L,C,4,FR1,L4C
4,L,D,4,FR1,L4D
4,L,E,4,FR1,L4E
4,L,F,4,FR1,L4F
4,L,G,4,FR1,L4G
4,L,H,4,FR1,L4H
4,L,I,4,FR1,L4I
4,L,K,4,FR1,L4K
4,L,M,4,FR1,L4M
4,L,N,4,FR1,L4N
4,L,P,4,FR1,L4P
4,L,Q,4,FR1,L4Q
4,L,R,4,FR1,L4R
4,L,S,4,FR1,L4S
4,L,T,4,FR1,L4T
4,L,V,4,FR1,L4V
4,L,W,4,FR1,L4W
4,L,Y,4,FR1,L4Y
5,Q,A,5,FR1,Q5A
5,Q,C,5,FR1,Q5C
5,Q,D,5,FR1,Q5D
5,Q,E,5,FR1,Q5E
5,Q,F,5,FR1,Q5F
5,Q,G,5,FR1,Q5G
5,Q,H,5,FR1,Q5H
5,Q,I,5,FR1,Q5I
5,Q,K,5,FR1,Q5K
5,Q,L,5,FR1,Q5L
5,Q,M,5,FR1,Q5M
5,Q,N,5,FR1,Q5N
5,Q,P,5,FR1,Q5P
5,Q,R,5,FR1,Q5R
5,Q,S,5,FR1,Q5S
5,Q,T,5,FR1,Q5T
5,Q,V,5,FR1,Q5V
5,Q,W,5,FR1,Q5W
5,Q,Y,5,FR1,Q5Y
6,E,A,6,FR1,E6A
6,E,C,6,FR1,E6C
6,E,D,6,FR1,E6D
6,E,F,6,FR1,E6F
6,E,G,6,FR1,E6G
6,E,H,6,FR1,E6H
6,E,I,6,FR1,E6I
6,E,K,6,FR1,E6K
6,E,L,6,FR1,E6L
6,E,M,6,FR1,E6M
6,E,N,6,FR1,E6N
6,E,P,6,FR1,E6P
6,E,Q,6,FR1,E6Q
6,E,R,6,FR1,E6R
6,E,S,6,FR1,E6S
6,E,T,6,FR1,E6T
6,E,V,6,FR1,E6V
6,E,W,6,FR1,E6W
6,E,Y,6,FR1,E6Y
7,S,A,7,FR1,S7A
7,S,C,7,FR1,S7C
7,S,D,7,FR1,S7D
7,S,E,7,FR1,S7E
7,S,F,7,FR1,S7F
7,S,G,7,FR1,S7G
7,S,H,7,FR1,S7H
7,S,I,7,FR1,S7I
7,S,K,7,FR1,S7K
7,S,L,7,FR1,S7L
7,S,M,7,FR1,S7M
7,S,N,7,FR1,S7N
7,S,P,7,FR1,S7P
7,S,Q,7,FR1,S7Q
7,S,R,7,FR1,S7R
7,S,T,7,FR1,S7T
7,S,V,7,FR1,S7V
7,S,W,7,FR1,S7W
7,S,Y,7,FR1,S7Y
8,G,A,8,FR1,G8A
8,G,C,8,FR1,G8C
8,G,D,8,FR1,G8D
8,G,E,8,FR1,G8E
8,G,F,8,FR1,G8F
8,G,H,8,FR1,G8H
8,G,I,8,FR1,G8I
8,G,K,8,FR1,G8K
8,G,L,8,FR1,G8L
8,G,M,8,FR1,G8M
8,G,N,8,FR1,G8N
8,G,P,8,FR1,G8P
8,G,Q,8,FR1,G8Q
8,G,R,8,FR1,G8R
8,G,S,8,FR1,G8S
8,G,T,8,FR1,G8T
8,G,V,8,FR1,G8V
8,G,W,8,FR1,G8W
8,G,Y,8,FR1,G8Y
9,G,A,9,FR1,G9A
9,G,C,9,FR1,G9C
9,G,D,9,FR1,G9D
9,G,E,9,FR1,G9E
9,G,F,9,FR1,G9F
9,G,H,9,FR1,G9H
9,G,I,9,FR1,G9I
9,G,K,9,FR1,G9K
9,G,L,9,FR1,G9L
9,G,M,9,FR1,G9M
9,G,N,9,FR1,G9N
9,G,P,9,FR1,G9P
9,G,Q,9,FR1,G9Q
9,G,R,9,FR1,G9R
9,G,S,9,FR1,G9S
9,G,T,9,FR1,G9T
9,G,V,9,FR1,G9V
9,G,W,9,FR1,G9W
9,G,Y,9,FR1,G9Y
10,G,A,11,FR1,G11A
10,G,C,11,FR1,G11C
10,G,D,11,FR1,G11D
10,G,E,11,FR1,G11E
10,G,F,11,FR1,G11F
10,G,H,11,FR1,G11H
10,G,I,11,FR1,G11I
10,G,K,11,FR1,G11K
10,G,L,11,FR1,G11L
10,G,M,11,FR1,G11M
10,G,N,11,FR1,G11N
10,G,P,11,FR1,G11P
10,G,Q,11,FR1,G11Q
10,G,R,11,FR1,G11R
10,G,S,11,FR1,G11S
10,G,T,11,FR1,G11T
10,G,V,11,FR1,G11V
10,G,W,11,FR1,G11W
10,G,Y,11,FR1,G11Y
11,S,A,12,FR1,S12A
11,S,C,12,FR1,S12C
11,S,D,12,FR1,S12D
11,S,E,12,FR1,S12E
11,S,F,12,FR1,S12F
11,S,G,12,FR1,S12G
11,S,H,12,FR1,S12H
11,S,I,12,FR1,S12I
11,S,K,12,FR1,S12K
11,S,L,12,FR1,S12L
11,S,M,12,FR1,S12M
11,S,N,12,FR1,S12N
11,S,P,12,FR1,S12P
11,S,Q,12,FR1,S12Q
11,S,R,12,FR1,S12R
11,S,T,12,FR1,S12T
11,S,V,12,FR1,S12V
11,S,W,12,FR1,S12W
11,S,Y,12,FR1,S12Y
12,V,A,13,FR1,V13A
12,V,C,13,FR1,V13C
12,V,D,13,FR1,V13D
12,V,E,13,FR1,V13E
12,V,F,13,FR1,V13F
12,V,G,13,FR1,V13G
12,V,H,13,FR1,V13H
12,V,I,13,FR1,V13I
12,V,K,13,FR1,V13K
12,V,L,13,FR1,V13L
12,V,M,13,FR1,V13M
12,V,N,13,FR1,V13N
12,V,P,13,FR1,V13P
12,V,Q,13,FR1,V13Q
12,V,R,13,FR1,V13R
12,V,S,13,FR1,V13S
12,V,T,13,FR1,V13T
12,V,W,13,FR1,V13W
12,V,Y,13,FR1,V13Y
13,Q,A,14,FR1,Q14A
13,Q,C,14,FR1,Q14C
13,Q,D,14,FR1,Q14D
13,Q,E,14,FR1,Q14E
13,Q,F,14,FR1,Q14F
13,Q,G,14,FR1,Q14G
13,Q,H,14,FR1,Q14H
13,Q,I,14,FR1,Q14I
13,Q,K,14,FR1,Q14K
13,Q,L,14,FR1,Q14L
13,Q,M,14,FR1,Q14M
13,Q,N,14,FR1,Q14N
13,Q,P,14,FR1,Q14P
13,Q,R,14,FR1,Q14R
13,Q,S,14,FR1,Q14S
13,Q,T,14,FR1,Q14T
13,Q,V,14,FR1,Q14V
13,Q,W,14,FR1,Q14W
13,Q,Y,14,FR1,Q14Y
14,A,C,15,FR1,A15C
14,A,D,15,FR1,A15D
14,A,E,15,FR1,A15E
14,A,F,15,FR1,A15F
14,A,G,15,FR1,A15G
14,A,H,15,FR1,A15H
14,A,I,15,FR1,A15I
14,A,K,15,FR1,A15K
14,A,L,15,FR1,A15L
14,A,M,15,FR1,A15M
14,A,N,15,FR1,A15N
14,A,P,15,FR1,A15P
14,A,Q,15,FR1,A15Q
14,A,R,15,FR1,A15R
14,A,S,15,FR1,A15S
14,A,T,15,FR1,A15T
14,A,V,15,FR1,A15V
14,A,W,15,FR1,A15W
14,A,Y,15,FR1,A15Y
15,G,A,16,FR1,G16A
15,G,C,16,FR1,G16C
15,G,D,16,FR1,G16D
15,G,E,16,FR1,G16E
15,G,F,16,FR1,G16F
15,G,H,16,FR1,G16H
15,G,I,16,FR1,G16I
15,G,K,16,FR1,G16K
15,G,L,16,FR1,G16L
15,G,M,16,FR1,G16M
15,G,N,16,FR1,G16N
15,G,P,16,FR1,G16P
15,G,Q,16,FR1,G16Q
15,G,R,16,FR1,G16R
15,G,S,16,FR1,G16S
15,G,T,16,FR1,G16T
15,G,V,16,FR1,G16V
15,G,W,16,FR1,G16W
15,G,Y,16,FR1,G16Y
16,G,A,17,FR1,G17A
16,G,C,17,FR1,G17C
16,G,D,17,FR1,G17D
16,G,E,17,FR1,G17E
16,G,F,17,FR1,G17F
16,G,H,17,FR1,G17H
16,G,I,17,FR1,G17I
16,G,K,17,FR1,G17K
16,G,L,17,FR1,G17L
16,G,M,17,FR1,G17M
16,G,N,17,FR1,G17N
16,G,P,17,FR1,G17P
16,G,Q,17,FR1,G17Q
16,G,R,17,FR1,G17R
16,G,S,17,FR1,G17S
16,G,T,17,FR1,G17T
16,G,V,17,FR1,G17V
16,G,W,17,FR1,G17W
16,G,Y,17,FR1,G17Y
17,S,A,18,FR1,S18A
17,S,C,18,FR1,S18C
17,S,D,18,FR1,S18D
17,S,E,18,FR1,S18E
17,S,F,18,FR1,S18F
17,S,G,18,FR1,S18G
17,S,H,18,FR1,S18H
17,S,I,18,FR1,S18I
17,S,K,18,FR1,S18K
17,S,L,18,FR1,S18L
17,S,M,18,FR1,S18M
17,S,N,18,FR1,S18N
17,S,P,18,FR1,S18P
17,S,Q,18,FR1,S18Q
17,S,R,18,FR1,S18R
17,S,T,18,FR1,S18T
17,S,V,18,FR1,S18V
17,S,W,18,FR1,S18W
17,S,Y,18,FR1,S18Y
18,L,A,19,FR1,L19A
18,L,C,19,FR1,L19C
18,L,D,19,FR1,L19D
18,L,E,19,FR1,L19E
18,L,F,19,FR1,L19F
18,L,G,19,FR1,L19G
18,L,H,19,FR1,L19H
18,L,I,19,FR1,L19I
18,L,K,19,FR1,L19K
18,L,M,19,FR1,L19M
18,L,N,19,FR1,L19N
18,L,P,19,FR1,L19P
18,L,Q,19,FR1,L19Q
18,L,R,19,FR1,L19R
18,L,S,19,FR1,L19S
18,L,T,19,FR1,L19T
18,L,V,19,FR1,L19V
18,L,W,19,FR1,L19W
18,L,Y,19,FR1,L19Y
19,R,A,20,FR1,R20A
19,R,C,20,FR1,R20C
19,R,D,20,FR1,R20D
19,R,E,20,FR1,R20E
19,R,F,20,FR1,R20F
19,R,G,20,FR1,R20G
19,R,H,20,FR1,R20H
19,R,I,20,FR1,R20I
19,R,K,20,FR1,R20K
19,R,L,20,FR1,R20L
19,R,M,20,FR1,R20M
19,R,N,20,FR1,R20N
19,R,P,20,FR1,R20P
19,R,Q,20,FR1,R20Q
19,R,S,20,FR1,R20S
19,R,T,20,FR1,R20T
19,R,V,20,FR1,R20V
19,R,W,20,FR1,R20W
19,R,Y,20,FR1,R20Y
20,L,A,21,FR1,L21A
20,L,C,21,FR1,L21C
20,L,D,21,FR1,L21D
20,L,E,21,FR1,L21E
20,L,F,21,FR1,L21F
20,L,G,21,FR1,L21G
20,L,H,21,FR1,L21H
20,L,I,21,FR1,L21I
20,L,K,21,FR1,L21K
20,L,M,21,FR1,L21M
20,L,N,21,FR1,L21N
20,L,P,21,FR1,L21P
20,L,Q,21,FR1,L21Q
20,L,R,21,FR1,L21R
20,L,S,21,FR1,L21S
20,L,T,21,FR1,L21T
20,L,V,21,FR1,L21V
20,L,W,21,FR1,L21W
20,L,Y,21,FR1,L21Y
21,S,A,22,FR1,S22A
21,S,C,22,FR1,S22C
21,S,D,22,FR1,S22D
21,S,E,22,FR1,S22E
21,S,F,22,FR1,S22F
21,S,G,22,FR1,S22G
21,S,H,22,FR1,S22H
21,S,I,22,FR1,S22I
21,S,K,22,FR1,S22K
21,S,L,22,FR1,S22L
21,S,M,22,FR1,S22M
21,S,N,22,FR1,S22N
21,S,P,22,FR1,S22P
21,S,Q,22,FR1,S22Q
21,S,R,22,FR1,S22R
21,S,T,22,FR1,S22T
21,S,V,22,FR1,S22V
21,S,W,22,FR1,S22W
21,S,Y,22,FR1,S22Y
23,A,C,24,FR1,A24C
23,A,D,24,FR1,A24D
23,A,E,24,FR1,A24E
23,A,F,24,FR1,A24F
23,A,G,24,FR1,A24G
23,A,H,24,FR1,A24H
23,A,I,24,FR1,A24I
23,A,K,24,FR1,A24K
23,A,L,24,FR1,A24L
23,A,M,24,FR1,A24M
23,A,N,24,FR1,A24N
23,A,P,24,FR1,A24P
23,A,Q,24,FR1,A24Q
23,A,R,24,FR1,A24R
23,A,S,24,FR1,A24S
23,A,T,24,FR1,A24T
23,A,V,24,FR1,A24V
23,A,W,24,FR1,A24W
23,A,Y,24,FR1,A24Y
24,A,C,25,FR1,A25C
24,A,D,25,FR1,A25D
24,A,E,25,FR1,A25E
24,A,F,25,FR1,A25F
24,A,G,25,FR1,A25G
24,A,H,25,FR1,A25H
24,A,I,25,FR1,A25I
24,A,K,25,FR1,A25K
24,A,L,25,FR1,A25L
24,A,M,25,FR1,A25M
24,A,N,25,FR1,A25N
24,A,P,25,FR1,A25P
24,A,Q,25,FR1,A25Q
24,A,R,25,FR1,A25R
24,A,S,25,FR1,A25S
24,A,T,25,FR1,A25T
24,A,V,25,FR1,A25V
24,A,W,25,FR1,A25W
24,A,Y,25,FR1,A25Y
25,S,A,26,FR1,S26A
25,S,C,26,FR1,S26C
25,S,D,26,FR1,S26D
25,S,E,26,FR1,S26E
25,S,F,26,FR1,S26F
25,S,G,26,FR1,S26G
25,S,H,26,FR1,S26H
25,S,I,26,FR1,S26I
25,S,K,26,FR1,S26K
25,S,L,26,FR1,S26L
25,S,M,26,FR1,S26M
25,S,N,26,FR1,S26N
25,S,P,26,FR1,S26P
25,S,Q,26,FR1,S26Q
25,S,R,26,FR1,S26R
25,S,T,26,FR1,S26T
25,S,V,26,FR1,S26V
25,S,W,26,FR1,S26W
25,S,Y,26,FR1,S26Y
34,M,A,39,FR2,M39A
34,M,C,39,FR2,M39C
34,M,D,39,FR2,M39D
34,M,E,39,FR2,M39E
34,M,F,39,FR2,M39F
34,M,G,39,FR2,M39G
34,M,H,39,FR2,M39H
34,M,I,39,FR2,M39I
34,M,K,39,FR2,M39K
34,M,L,39,FR2,M39L
34,M,N,39,FR2,M39N
34,M,P,39,FR2,M39P
34,M,Q,39,FR2,M39Q
34,M,R,39,FR2,M39R
34,M,S,39,FR2,M39S
34,M,T,39,FR2,M39T
34,M,V,39,FR2,M39V
34,M,W,39,FR2,M39W
34,M,Y,39,FR2,M39Y
35,G,A,40,FR2,G40A
35,G,C,40,FR2,G40C
35,G,D,40,FR2,G40D
35,G,E,40,FR2,G40E
35,G,F,40,FR2,G40F
35,G,H,40,FR2,G40H
35,G,I,40,FR2,G40I
35,G,K,40,FR2,G40K
35,G,L,40,FR2,G40L
35,G,M,40,FR2,G40M
35,G,N,40,FR2,G40N
35,G,P,40,FR2,G40P
35,G,Q,40,FR2,G40Q
35,G,R,40,FR2,G40R
35,G,S,40,FR2,G40S
35,G,T,40,FR2,G40T
35,G,V,40,FR2,G40V
35,G,W,40,FR2,G40W
35,G,Y,40,FR2,G40Y
36,W,A,41,FR2,W41A
36,W,C,41,FR2,W41C
36,W,D,41,FR2,W41D
36,W,E,41,FR2,W41E
36,W,F,41,FR2,W41F
36,W,G,41,FR2,W41G
36,W,H,41,FR2,W41H
36,W,I,41,FR2,W41I
36,W,K,41,FR2,W41K
36,W,L,41,FR2,W41L
36,W,M,41,FR2,W41M
36,W,N,41,FR2,W41N
36,W,P,41,FR2,W41P
36,W,Q,41,FR2,W41Q
36,W,R,41,FR2,W41R
36,W,S,41,FR2,W41S
36,W,T,41,FR2,W41T
36,W,V,41,FR2,W41V
36,W,Y,41,FR2,W41Y
37,F,A,42,FR2,F42A
37,F,C,42,FR2,F42C
37,F,D,42,FR2,F42D
37,F,E,42,FR2,F42E
37,F,G,42,FR2,F42G
37,F,H,42,FR2,F42H
37,F,I,42,FR2,F42I
37,F,K,42,FR2,F42K
37,F,L,42,FR2,F42L
37,F,M,42,FR2,F42M
37,F,N,42,FR2,F42N
37,F,P,42,FR2,F42P
37,F,Q,42,FR2,F42Q
37,F,R,42,FR2,F42R
37,F,S,42,FR2,F42S
37,F,T,42,FR2,F42T
37,F,V,42,FR2,F42V
37,F,W,42,FR2,F42W
37,F,Y,42,FR2,F42Y
38,R,A,43,FR2,R43A
38,R,C,43,FR2,R43C
38,R,D,43,FR2,R43D
38,R,E,43,FR2,R43E
38,R,F,43,FR2,R43F
38,R,G,43,FR2,R43G
38,R,H,43,FR2,R43H
38,R,I,43,FR2,R43I
38,R,K,43,FR2,R43K
38,R,L,43,FR2,R43L
38,R,M,43,FR2,R43M
38,R,N,43,FR2,R43N
38,R,P,43,FR2,R43P
38,R,Q,43,FR2,R43Q
38,R,S,43,FR2,R43S
38,R,T,43,FR2,R43T
38,R,V,43,FR2,R43V
38,R,W,43,FR2,R43W
38,R,Y,43,FR2,R43Y
39,Q,A,44,FR2,Q44A
39,Q,C,44,FR2,Q44C
39,Q,D,44,FR2,Q44D
39,Q,E,44,FR2,Q44E
39,Q,F,44,FR2,Q44F
39,Q,G,44,FR2,Q44G
39,Q,H,44,FR2,Q44H
39,Q,I,44,FR2,Q44I
39,Q,K,44,FR2,Q44K
39,Q,L,44,FR2,Q44L
39,Q,M,44,FR2,Q44M
39,Q,N,44,FR2,Q44N
39,Q,P,44,FR2,Q44P
39,Q,R,44,FR2,Q44R
39,Q,S,44,FR2,Q44S
39,Q,T,44,FR2,Q44T
39,Q,V,44,FR2,Q44V
39,Q,W,44,FR2,Q44W
39,Q,Y,44,FR2,Q44Y
40,V,A,45,FR2,V45A
40,V,C,45,FR2,V45C
40,V,D,45,FR2,V45D
40,V,E,45,FR2,V45E
40,V,F,45,FR2,V45F
40,V,G,45,FR2,V45G
40,V,H,45,FR2,V45H
40,V,I,45,FR2,V45I
40,V,K,45,FR2,V45K
40,V,L,45,FR2,V45L
40,V,M,45,FR2,V45M
40,V,N,45,FR2,V45N
40,V,P,45,FR2,V45P
40,V,Q,45,FR2,V45Q
40,V,R,45,FR2,V45R
40,V,S,45,FR2,V45S
40,V,T,45,FR2,V45T
40,V,W,45,FR2,V45W
40,V,Y,45,FR2,V45Y
41,P,A,46,FR2,P46A
41,P,C,46,FR2,P46C
41,P,D,46,FR2,P46D
41,P,E,46,FR2,P46E
41,P,F,46,FR2,P46F
41,P,G,46,FR2,P46G
41,P,H,46,FR2,P46H
41,P,I,46,FR2,P46I
41,P,K,46,FR2,P46K
41,P,L,46,FR2,P46L
41,P,M,46,FR2,P46M
41,P,N,46,FR2,P46N
41,P,Q,46,FR2,P46Q
41,P,R,46,FR2,P46R
41,P,S,46,FR2,P46S
41,P,T,46,FR2,P46T
41,P,V,46,FR2,P46V
41,P,W,46,FR2,P46W
41,P,Y,46,FR2,P46Y
42,G,A,47,FR2,G47A
42,G,C,47,FR2,G47C
42,G,D,47,FR2,G47D
42,G,E,47,FR2,G47E
42,G,F,47,FR2,G47F
42,G,H,47,FR2,G47H
42,G,I,47,FR2,G47I
42,G,K,47,FR2,G47K
42,G,L,47,FR2,G47L
42,G,M,47,FR2,G47M
42,G,N,47,FR2,G47N
42,G,P,47,FR2,G47P
42,G,Q,47,FR2,G47Q
42,G,R,47,FR2,G47R
42,G,S,47,FR2,G47S
42,G,T,47,FR2,G47T
42,G,V,47,FR2,G47V
42,G,W,47,FR2,G47W
42,G,Y,47,FR2,G47Y
43,K,A,48,FR2,K48A
43,K,C,48,FR2,K48C
43,K,D,48,FR2,K48D
43,K,E,48,FR2,K48E
43,K,F,48,FR2,K48F
43,K,G,48,FR2,K48G
43,K,H,48,FR2,K48H
43,K,I,48,FR2,K48I
43,K,L,48,FR2,K48L
43,K,M,48,FR2,K48M
43,K,N,48,FR2,K48N
43,K,P,48,FR2,K48P
43,K,Q,48,FR2,K48Q
43,K,R,48,FR2,K48R
43,K,S,48,FR2,K48S
43,K,T,48,FR2,K48T
43,K,V,48,FR2,K48V
43,K,W,48,FR2,K48W
43,K,Y,48,FR2,K48Y
44,Q,A,49,FR2,Q49A
44,Q,C,49,FR2,Q49C
44,Q,D,49,FR2,Q49D
44,Q,E,49,FR2,Q49E
44,Q,F,49,FR2,Q49F
44,Q,G,49,FR2,Q49G
44,Q,H,49,FR2,Q49H
44,Q,I,49,FR2,Q49I
44,Q,K,49,FR2,Q49K
44,Q,L,49,FR2,Q49L
44,Q,M,49,FR2,Q49M
44,Q,N,49,FR2,Q49N
44,Q,P,49,FR2,Q49P
44,Q,R,49,FR2,Q49R
44,Q,S,49,FR2,Q49S
44,Q,T,49,FR2,Q49T
44,Q,V,49,FR2,Q49V
44,Q,W,49,FR2,Q49W
44,Q,Y,49,FR2,Q49Y
45,R,A,50,FR2,R50A
45,R,C,50,FR2,R50C
45,R,D,50,FR2,R50D
45,R,E,50,FR2,R50E
45,R,F,50,FR2,R50F
45,R,G,50,FR2,R50G
45,R,H,50,FR2,R50H
45,R,I,50,FR2,R50I
45,R,K,50,FR2,R50K
45,R,L,50,FR2,R50L
45,R,M,50,FR2,R50M
45,R,N,50,FR2,R50N
45,R,P,50,FR2,R50P
45,R,Q,50,FR2,R50Q
45,R,S,50,FR2,R50S
45,R,T,50,FR2,R50T
45,R,V,50,FR2,R50V
45,R,W,50,FR2,R50W
45,R,Y,50,FR2,R50Y
46,E,A,51,FR2,E51A
46,E,C,51,FR2,E51C
46,E,D,51,FR2,E51D
46,E,F,51,FR2,E51F
46,E,G,51,FR2,E51G
46,E,H,51,FR2,E51H
46,E,I,51,FR2,E51I
46,E,K,51,FR2,E51K
46,E,L,51,FR2,E51L
46,E,M,51,FR2,E51M
46,E,N,51,FR2,E51N
46,E,P,51,FR2,E51P
46,E,Q,51,FR2,E51Q
46,E,R,51,FR2,E51R
46,E,S,51,FR2,E51S
46,E,T,51,FR2,E51T
46,E,V,51,FR2,E51V
46,E,W,51,FR2,E51W
46,E,Y,51,FR2,E51Y
47,A,C,52,FR2,A52C
47,A,D,52,FR2,A52D
47,A,E,52,FR2,A52E
47,A,F,52,FR2,A52F
47,A,G,52,FR2,A52G
47,A,H,52,FR2,A52H
47,A,I,52,FR2,A52I
47,A,K,52,FR2,A52K
47,A,L,52,FR2,A52L
47,A,M,52,FR2,A52M
47,A,N,52,FR2,A52N
47,A,P,52,FR2,A52P
47,A,Q,52,FR2,A52Q
47,A,R,52,FR2,A52R
47,A,S,52,FR2,A52S
47,A,T,52,FR2,A52T
47,A,V,52,FR2,A52V
47,A,W,52,FR2,A52W
47,A,Y,52,FR2,A52Y
48,V,A,53,FR2,V53A
48,V,C,53,FR2,V53C
48,V,D,53,FR2,V53D
48,V,E,53,FR2,V53E
48,V,F,53,FR2,V53F
48,V,G,53,FR2,V53G
48,V,H,53,FR2,V53H
48,V,I,53,FR2,V53I
48,V,K,53,FR2,V53K
48,V,L,53,FR2,V53L
48,V,M,53,FR2,V53M
48,V,N,53,FR2,V53N
48,V,P,53,FR2,V53P
48,V,Q,53,FR2,V53Q
48,V,R,53,FR2,V53R
48,V,S,53,FR2,V53S
48,V,T,53,FR2,V53T
48,V,W,53,FR2,V53W
48,V,Y,53,FR2,V53Y
49,A,C,54,FR2,A54C
49,A,D,54,FR2,A54D
49,A,E,54,FR2,A54E
49,A,F,54,FR2,A54F
49,A,G,54,FR2,A54G
49,A,H,54,FR2,A54H
49,A,I,54,FR2,A54I
49,A,K,54,FR2,A54K
49,A,L,54,FR2,A54L
49,A,M,54,FR2,A54M
49,A,N,54,FR2,A54N
49,A,P,54,FR2,A54P
49,A,Q,54,FR2,A54Q
49,A,R,54,FR2,A54R
49,A,S,54,FR2,A54S
49,A,T,54,FR2,A54T
49,A,V,54,FR2,A54V
49,A,W,54,FR2,A54W
49,A,Y,54,FR2,A54Y
50,I,A,55,FR2,I55A
50,I,C,55,FR2,I55C
50,I,D,55,FR2,I55D
50,I,E,55,FR2,I55E
50,I,F,55,FR2,I55F
50,I,G,55,FR2,I55G
50,I,H,55,FR2,I55H
50,I,K,55,FR2,I55K
50,I,L,55,FR2,I55L
50,I,M,55,FR2,I55M
50,I,N,55,FR2,I55N
50,I,P,55,FR2,I55P
50,I,Q,55,FR2,I55Q
50,I,R,55,FR2,I55R
50,I,S,55,FR2,I55S
50,I,T,55,FR2,I55T
50,I,V,55,FR2,I55V
50,I,W,55,FR2,I55W
50,I,Y,55,FR2,I55Y
58,Y,A,66,FR3,Y66A
58,Y,C,66,FR3,Y66C
58,Y,D,66,FR3,Y66D
58,Y,E,66,FR3,Y66E
58,Y,F,66,FR3,Y66F
58,Y,G,66,FR3,Y66G
58,Y,H,66,FR3,Y66H
58,Y,I,66,FR3,Y66I
58,Y,K,66,FR3,Y66K
58,Y,L,66,FR3,Y66L
58,Y,M,66,FR3,Y66M
58,Y,N,66,FR3,Y66N
58,Y,P,66,FR3,Y66P
58,Y,Q,66,FR3,Y66Q
58,Y,R,66,FR3,Y66R
58,Y,S,66,FR3,Y66S
58,Y,T,66,FR3,Y66T
58,Y,V,66,FR3,Y66V
58,Y,W,66,FR3,Y66W
59,Y,A,67,FR3,Y67A
59,Y,C,67,FR3,Y67C
59,Y,D,67,FR3,Y67D
59,Y,E,67,FR3,Y67E
59,Y,F,67,FR3,Y67F
59,Y,G,67,FR3,Y67G
59,Y,H,67,FR3,Y67H
59,Y,I,67,FR3,Y67I
59,Y,K,67,FR3,Y67K
59,Y,L,67,FR3,Y67L
59,Y,M,67,FR3,Y67M
59,Y,N,67,FR3,Y67N
59,Y,P,67,FR3,Y67P
59,Y,Q,67,FR3,Y67Q
59,Y,R,67,FR3,Y67R
59,Y,S,67,FR3,Y67S
59,Y,T,67,FR3,Y67T
59,Y,V,67,FR3,Y67V
59,Y,W,67,FR3,Y67W
60,A,C,68,FR3,A68C
60,A,D,68,FR3,A68D
60,A,E,68,FR3,A68E
60,A,F,68,FR3,A68F
60,A,G,68,FR3,A68G
60,A,H,68,FR3,A68H
60,A,I,68,FR3,A68I
60,A,K,68,FR3,A68K
60,A,L,68,FR3,A68L
60,A,M,68,FR3,A68M
60,A,N,68,FR3,A68N
60,A,P,68,FR3,A68P
60,A,Q,68,FR3,A68Q
60,A,R,68,FR3,A68R
60,A,S,68,FR3,A68S
60,A,T,68,FR3,A68T
60,A,V,68,FR3,A68V
60,A,W,68,FR3,A68W
60,A,Y,68,FR3,A68Y
61,D,A,69,FR3,D69A
61,D,C,69,FR3,D69C
61,D,E,69,FR3,D69E
61,D,F,69,FR3,D69F
61,D,G,69,FR3,D69G
61,D,H,69,FR3,D69H
61,D,I,69,FR3,D69I
61,D,K,69,FR3,D69K
61,D,L,69,FR3,D69L
61,D,M,69,FR3,D69M
61,D,N,69,FR3,D69N
61,D,P,69,FR3,D69P
61,D,Q,69,FR3,D69Q
61,D,R,69,FR3,D69R
61,D,S,69,FR3,D69S
61,D,T,69,FR3,D69T
61,D,V,69,FR3,D69V
61,D,W,69,FR3,D69W
61,D,Y,69,FR3,D69Y
62,S,A,70,FR3,S70A
62,S,C,70,FR3,S70C
62,S,D,70,FR3,S70D
62,S,E,70,FR3,S70E
62,S,F,70,FR3,S70F
62,S,G,70,FR3,S70G
62,S,H,70,FR3,S70H
62,S,I,70,FR3,S70I
62,S,K,70,FR3,S70K
62,S,L,70,FR3,S70L
62,S,M,70,FR3,S70M
62,S,N,70,FR3,S70N
62,S,P,70,FR3,S70P
62,S,Q,70,FR3,S70Q
62,S,R,70,FR3,S70R
62,S,T,70,FR3,S70T
62,S,V,70,FR3,S70V
62,S,W,70,FR3,S70W
62,S,Y,70,FR3,S70Y
63,V,A,71,FR3,V71A
63,V,C,71,FR3,V71C
63,V,D,71,FR3,V71D
63,V,E,71,FR3,V71E
63,V,F,71,FR3,V71F
63,V,G,71,FR3,V71G
63,V,H,71,FR3,V71H
63,V,I,71,FR3,V71I
63,V,K,71,FR3,V71K
63,V,L,71,FR3,V71L
63,V,M,71,FR3,V71M
63,V,N,71,FR3,V71N
63,V,P,71,FR3,V71P
63,V,Q,71,FR3,V71Q
63,V,R,71,FR3,V71R
63,V,S,71,FR3,V71S
63,V,T,71,FR3,V71T
63,V,W,71,FR3,V71W
63,V,Y,71,FR3,V71Y
64,K,A,72,FR3,K72A
64,K,C,72,FR3,K72C
64,K,D,72,FR3,K72D
64,K,E,72,FR3,K72E
64,K,F,72,FR3,K72F
64,K,G,72,FR3,K72G
64,K,H,72,FR3,K72H
64,K,I,72,FR3,K72I
64,K,L,72,FR3,K72L
64,K,M,72,FR3,K72M
64,K,N,72,FR3,K72N
64,K,P,72,FR3,K72P
64,K,Q,72,FR3,K72Q
64,K,R,72,FR3,K72R
64,K,S,72,FR3,K72S
64,K,T,72,FR3,K72T
64,K,V,72,FR3,K72V
64,K,W,72,FR3,K72W
64,K,Y,72,FR3,K72Y
65,G,A,74,FR3,G74A
65,G,C,74,FR3,G74C
65,G,D,74,FR3,G74D
65,G,E,74,FR3,G74E
65,G,F,74,FR3,G74F
65,G,H,74,FR3,G74H
65,G,I,74,FR3,G74I
65,G,K,74,FR3,G74K
65,G,L,74,FR3,G74L
65,G,M,74,FR3,G74M
65,G,N,74,FR3,G74N
65,G,P,74,FR3,G74P
65,G,Q,74,FR3,G74Q
65,G,R,74,FR3,G74R
65,G,S,74,FR3,G74S
65,G,T,74,FR3,G74T
65,G,V,74,FR3,G74V
65,G,W,74,FR3,G74W
65,G,Y,74,FR3,G74Y
66,R,A,75,FR3,R75A
66,R,C,75,FR3,R75C
66,R,D,75,FR3,R75D
66,R,E,75,FR3,R75E
66,R,F,75,FR3,R75F
66,R,G,75,FR3,R75G
66,R,H,75,FR3,R75H
66,R,I,75,FR3,R75I
66,R,K,75,FR3,R75K
66,R,L,75,FR3,R75L
66,R,M,75,FR3,R75M
66,R,N,75,FR3,R75N
66,R,P,75,FR3,R75P
66,R,Q,75,FR3,R75Q
66,R,S,75,FR3,R75S
66,R,T,75,FR3,R75T
66,R,V,75,FR3,R75V
66,R,W,75,FR3,R75W
66,R,Y,75,FR3,R75Y
67,F,A,76,FR3,F76A
67,F,C,76,FR3,F76C
67,F,D,76,FR3,F76D
67,F,E,76,FR3,F76E
67,F,G,76,FR3,F76G
67,F,H,76,FR3,F76H
67,F,I,76,FR3,F76I
67,F,K,76,FR3,F76K
67,F,L,76,FR3,F76L
67,F,M,76,FR3,F76M
67,F,N,76,FR3,F76N
67,F,P,76,FR3,F76P
67,F,Q,76,FR3,F76Q
67,F,R,76,FR3,F76R
67,F,S,76,FR3,F76S
67,F,T,76,FR3,F76T
67,F,V,76,FR3,F76V
67,F,W,76,FR3,F76W
67,F,Y,76,FR3,F76Y
68,T,A,77,FR3,T77A
68,T,C,77,FR3,T77C
68,T,D,77,FR3,T77D
68,T,E,77,FR3,T77E
68,T,F,77,FR3,T77F
68,T,G,77,FR3,T77G
68,T,H,77,FR3,T77H
68,T,I,77,FR3,T77I
68,T,K,77,FR3,T77K
68,T,L,77,FR3,T77L
68,T,M,77,FR3,T77M
68,T,N,77,FR3,T77N
68,T,P,77,FR3,T77P
68,T,Q,77,FR3,T77Q
68,T,R,77,FR3,T77R
68,T,S,77,FR3,T77S
68,T,V,77,FR3,T77V
68,T,W,77,FR3,T77W
68,T,Y,77,FR3,T77Y
69,I,A,78,FR3,I78A
69,I,C,78,FR3,I78C
69,I,D,78,FR3,I78D
69,I,E,78,FR3,I78E
69,I,F,78,FR3,I78F
69,I,G,78,FR3,I78G
69,I,H,78,FR3,I78H
69,I,K,78,FR3,I78K
69,I,L,78,FR3,I78L
69,I,M,78,FR3,I78M
69,I,N,78,FR3,I78N
69,I,P,78,FR3,I78P
69,I,Q,78,FR3,I78Q
69,I,R,78,FR3,I78R
69,I,S,78,FR3,I78S
69,I,T,78,FR3,I78T
69,I,V,78,FR3,I78V
69,I,W,78,FR3,I78W
69,I,Y,78,FR3,I78Y
70,S,A,79,FR3,S79A
70,S,C,79,FR3,S79C
70,S,D,79,FR3,S79D
70,S,E,79,FR3,S79E
70,S,F,79,FR3,S79F
70,S,G,79,FR3,S79G
70,S,H,79,FR3,S79H
70,S,I,79,FR3,S79I
70,S,K,79,FR3,S79K
70,S,L,79,FR3,S79L
70,S,M,79,FR3,S79M
70,S,N,79,FR3,S79N
70,S,P,79,FR3,S79P
70,S,Q,79,FR3,S79Q
70,S,R,79,FR3,S79R
70,S,T,79,FR3,S79T
70,S,V,79,FR3,S79V
70,S,W,79,FR3,S79W
70,S,Y,79,FR3,S79Y
71,R,A,80,FR3,R80A
71,R,C,80,FR3,R80C
71,R,D,80,FR3,R80D
71,R,E,80,FR3,R80E
71,R,F,80,FR3,R80F
71,R,G,80,FR3,R80G
71,R,H,80,FR3,R80H
71,R,I,80,FR3,R80I
71,R,K,80,FR3,R80K
71,R,L,80,FR3,R80L
71,R,M,80,FR3,R80M
71,R,N,80,FR3,R80N
71,R,P,80,FR3,R80P
71,R,Q,80,FR3,R80Q
71,R,S,80,FR3,R80S
71,R,T,80,FR3,R80T
71,R,V,80,FR3,R80V
71,R,W,80,FR3,R80W
71,R,Y,80,FR3,R80Y
72,D,A,81,FR3,D81A
72,D,C,81,FR3,D81C
72,D,E,81,FR3,D81E
72,D,F,81,FR3,D81F
72,D,G,81,FR3,D81G
72,D,H,81,FR3,D81H
72,D,I,81,FR3,D81I
72,D,K,81,FR3,D81K
72,D,L,81,FR3,D81L
72,D,M,81,FR3,D81M
72,D,N,81,FR3,D81N
72,D,P,81,FR3,D81P
72,D,Q,81,FR3,D81Q
72,D,R,81,FR3,D81R
72,D,S,81,FR3,D81S
72,D,T,81,FR3,D81T
72,D,V,81,FR3,D81V
72,D,W,81,FR3,D81W
72,D,Y,81,FR3,D81Y
73,N,A,82,FR3,N82A
73,N,C,82,FR3,N82C
73,N,D,82,FR3,N82D
73,N,E,82,FR3,N82E
73,N,F,82,FR3,N82F
73,N,G,82,FR3,N82G
73,N,H,82,FR3,N82H
73,N,I,82,FR3,N82I
73,N,K,82,FR3,N82K
73,N,L,82,FR3,N82L
73,N,M,82,FR3,N82M
73,N,P,82,FR3,N82P
73,N,Q,82,FR3,N82Q
73,N,R,82,FR3,N82R
73,N,S,82,FR3,N82S
73,N,T,82,FR3,N82T
73,N,V,82,FR3,N82V
73,N,W,82,FR3,N82W
73,N,Y,82,FR3,N82Y
74,A,C,83,FR3,A83C
74,A,D,83,FR3,A83D
74,A,E,83,FR3,A83E
74,A,F,83,FR3,A83F
74,A,G,83,FR3,A83G
74,A,H,83,FR3,A83H
74,A,I,83,FR3,A83I
74,A,K,83,FR3,A83K
74,A,L,83,FR3,A83L
74,A,M,83,FR3,A83M
74,A,N,83,FR3,A83N
74,A,P,83,FR3,A83P
74,A,Q,83,FR3,A83Q
74,A,R,83,FR3,A83R
74,A,S,83,FR3,A83S
74,A,T,83,FR3,A83T
74,A,V,83,FR3,A83V
74,A,W,83,FR3,A83W
74,A,Y,83,FR3,A83Y
75,K,A,84,FR3,K84A
75,K,C,84,FR3,K84C
75,K,D,84,FR3,K84D
75,K,E,84,FR3,K84E
75,K,F,84,FR3,K84F
75,K,G,84,FR3,K84G
75,K,H,84,FR3,K84H
75,K,I,84,FR3,K84I
75,K,L,84,FR3,K84L
75,K,M,84,FR3,K84M
75,K,N,84,FR3,K84N
75,K,P,84,FR3,K84P
75,K,Q,84,FR3,K84Q
75,K,R,84,FR3,K84R
75,K,S,84,FR3,K84S
75,K,T,84,FR3,K84T
75,K,V,84,FR3,K84V
75,K,W,84,FR3,K84W
75,K,Y,84,FR3,K84Y
76,N,A,85,FR3,N85A
76,N,C,85,FR3,N85C
76,N,D,85,FR3,N85D
76,N,E,85,FR3,N85E
76,N,F,85,FR3,N85F
76,N,G,85,FR3,N85G
76,N,H,85,FR3,N85H
76,N,I,85,FR3,N85I
76,N,K,85,FR3,N85K
76,N,L,85,FR3,N85L
76,N,M,85,FR3,N85M
76,N,P,85,FR3,N85P
76,N,Q,85,FR3,N85Q
76,N,R,85,FR3,N85R
76,N,S,85,FR3,N85S
76,N,T,85,FR3,N85T
76,N,V,85,FR3,N85V
76,N,W,85,FR3,N85W
76,N,Y,85,FR3,N85Y
77,T,A,86,FR3,T86A
77,T,C,86,FR3,T86C
77,T,D,86,FR3,T86D
77,T,E,86,FR3,T86E
77,T,F,86,FR3,T86F
77,T,G,86,FR3,T86G
77,T,H,86,FR3,T86H
77,T,I,86,FR3,T86I
77,T,K,86,FR3,T86K
77,T,L,86,FR3,T86L
77,T,M,86,FR3,T86M
77,T,N,86,FR3,T86N
77,T,P,86,FR3,T86P
77,T,Q,86,FR3,T86Q
77,T,R,86,FR3,T86R
77,T,S,86,FR3,T86S
77,T,V,86,FR3,T86V
77,T,W,86,FR3,T86W
77,T,Y,86,FR3,T86Y
78,L,A,87,FR3,L87A
78,L,C,87,FR3,L87C
78,L,D,87,FR3,L87D
78,L,E,87,FR3,L87E
78,L,F,87,FR3,L87F
78,L,G,87,FR3,L87G
78,L,H,87,FR3,L87H
78,L,I,87,FR3,L87I
78,L,K,87,FR3,L87K
78,L,M,87,FR3,L87M
78,L,N,87,FR3,L87N
78,L,P,87,FR3,L87P
78,L,Q,87,FR3,L87Q
78,L,R,87,FR3,L87R
78,L,S,87,FR3,L87S
78,L,T,87,FR3,L87T
78,L,V,87,FR3,L87V
78,L,W,87,FR3,L87W
78,L,Y,87,FR3,L87Y
79,Y,A,88,FR3,Y88A
79,Y,C,88,FR3,Y88C
79,Y,D,88,FR3,Y88D
79,Y,E,88,FR3,Y88E
79,Y,F,88,FR3,Y88F
79,Y,G,88,FR3,Y88G
79,Y,H,88,FR3,Y88H
79,Y,I,88,FR3,Y88I
79,Y,K,88,FR3,Y88K
79,Y,L,88,FR3,Y88L
79,Y,M,88,FR3,Y88M
79,Y,N,88,FR3,Y88N
79,Y,P,88,FR3,Y88P
79,Y,Q,88,FR3,Y88Q
79,Y,R,88,FR3,Y88R
79,Y,S,88,FR3,Y88S
79,Y,T,88,FR3,Y88T
79,Y,V,88,FR3,Y88V
79,Y,W,88,FR3,Y88W
80,L,A,89,FR3,L89A
80,L,C,89,FR3,L89C
80,L,D,89,FR3,L89D
80,L,E,89,FR3,L89E
80,L,F,89,FR3,L89F
80,L,G,89,FR3,L89G
80,L,H,89,FR3,L89H
80,L,I,89,FR3,L89I
80,L,K,89,FR3,L89K
80,L,M,89,FR3,L89M
80,L,N,89,FR3,L89N
80,L,P,89,FR3,L89P
80,L,Q,89,FR3,L89Q
80,L,R,89,FR3,L89R
80,L,S,89,FR3,L89S
80,L,T,89,FR3,L89T
80,L,V,89,FR3,L89V
80,L,W,89,FR3,L89W
80,L,Y,89,FR3,L89Y
81,Q,A,90,FR3,Q90A
81,Q,C,90,FR3,Q90C
81,Q,D,90,FR3,Q90D
81,Q,E,90,FR3,Q90E
81,Q,F,90,FR3,Q90F
81,Q,G,90,FR3,Q90G
81,Q,H,90,FR3,Q90H
81,Q,I,90,FR3,Q90I
81,Q,K,90,FR3,Q90K
81,Q,L,90,FR3,Q90L
81,Q,M,90,FR3,Q90M
81,Q,N,90,FR3,Q90N
81,Q,P,90,FR3,Q90P
81,Q,R,90,FR3,Q90R
81,Q,S,90,FR3,Q90S
81,Q,T,90,FR3,Q90T
81,Q,V,90,FR3,Q90V
81,Q,W,90,FR3,Q90W
81,Q,Y,90,FR3,Q90Y
82,M,A,91,FR3,M91A
82,M,C,91,FR3,M91C
82,M,D,91,FR3,M91D
82,M,E,91,FR3,M91E
82,M,F,91,FR3,M91F
82,M,G,91,FR3,M91G
82,M,H,91,FR3,M91H
82,M,I,91,FR3,M91I
82,M,K,91,FR3,M91K
82,M,L,91,FR3,M91L
82,M,N,91,FR3,M91N
82,M,P,91,FR3,M91P
82,M,Q,91,FR3,M91Q
82,M,R,91,FR3,M91R
82,M,S,91,FR3,M91S
82,M,T,91,FR3,M91T
82,M,V,91,FR3,M91V
82,M,W,91,FR3,M91W
82,M,Y,91,FR3,M91Y
83,N,A,92,FR3,N92A
83,N,C,92,FR3,N92C
83,N,D,92,FR3,N92D
83,N,E,92,FR3,N92E
83,N,F,92,FR3,N92F
83,N,G,92,FR3,N92G
83,N,H,92,FR3,N92H
83,N,I,92,FR3,N92I
83,N,K,92,FR3,N92K
83,N,L,92,FR3,N92L
83,N,M,92,FR3,N92M
83,N,P,92,FR3,N92P
83,N,Q,92,FR3,N92Q
83,N,R,92,FR3,N92R
83,N,S,92,FR3,N92S
83,N,T,92,FR3,N92T
83,N,V,92,FR3,N92V
83,N,W,92,FR3,N92W
83,N,Y,92,FR3,N92Y
84,S,A,93,FR3,S93A
84,S,C,93,FR3,S93C
84,S,D,93,FR3,S93D
84,S,E,93,FR3,S93E
84,S,F,93,FR3,S93F
84,S,G,93,FR3,S93G
84,S,H,93,FR3,S93H
84,S,I,93,FR3,S93I
84,S,K,93,FR3,S93K
84,S,L,93,FR3,S93L
84,S,M,93,FR3,S93M
84,S,N,93,FR3,S93N
84,S,P,93,FR3,S93P
84,S,Q,93,FR3,S93Q
84,S,R,93,FR3,S93R
84,S,T,93,FR3,S93T
84,S,V,93,FR3,S93V
84,S,W,93,FR3,S93W
84,S,Y,93,FR3,S93Y
85,L,A,94,FR3,L94A
85,L,C,94,FR3,L94C
85,L,D,94,FR3,L94D
85,L,E,94,FR3,L94E
85,L,F,94,FR3,L94F
85,L,G,94,FR3,L94G
85,L,H,94,FR3,L94H
85,L,I,94,FR3,L94I
85,L,K,94,FR3,L94K
85,L,M,94,FR3,L94M
85,L,N,94,FR3,L94N
85,L,P,94,FR3,L94P
85,L,Q,94,FR3,L94Q
85,L,R,94,FR3,L94R
85,L,S,94,FR3,L94S
85,L,T,94,FR3,L94T
85,L,V,94,FR3,L94V
85,L,W,94,FR3,L94W
85,L,Y,94,FR3,L94Y
86,K,A,95,FR3,K95A
86,K,C,95,FR3,K95C
86,K,D,95,FR3,K95D
86,K,E,95,FR3,K95E
86,K,F,95,FR3,K95F
86,K,G,95,FR3,K95G
86,K,H,95,FR3,K95H
86,K,I,95,FR3,K95I
86,K,L,95,FR3,K95L
86,K,M,95,FR3,K95M
86,K,N,95,FR3,K95N
86,K,P,95,FR3,K95P
86,K,Q,95,FR3,K95Q
86,K,R,95,FR3,K95R
86,K,S,95,FR3,K95S
86,K,T,95,FR3,K95T
86,K,V,95,FR3,K95V
86,K,W,95,FR3,K95W
86,K,Y,95,FR3,K95Y
87,P,A,96,FR3,P96A
87,P,C,96,FR3,P96C
87,P,D,96,FR3,P96D
87,P,E,96,FR3,P96E
87,P,F,96,FR3,P96F
87,P,G,96,FR3,P96G
87,P,H,96,FR3,P96H
87,P,I,96,FR3,P96I
87,P,K,96,FR3,P96K
87,P,L,96,FR3,P96L
87,P,M,96,FR3,P96M
87,P,N,96,FR3,P96N
87,P,Q,96,FR3,P96Q
87,P,R,96,FR3,P96R
87,P,S,96,FR3,P96S
87,P,T,96,FR3,P96T
87,P,V,96,FR3,P96V
87,P,W,96,FR3,P96W
87,P,Y,96,FR3,P96Y
88,E,A,97,FR3,E97A
88,E,C,97,FR3,E97C
88,E,D,97,FR3,E97D
88,E,F,97,FR3,E97F
88,E,G,97,FR3,E97G
88,E,H,97,FR3,E97H
88,E,I,97,FR3,E97I
88,E,K,97,FR3,E97K
88,E,L,97,FR3,E97L
88,E,M,97,FR3,E97M
88,E,N,97,FR3,E97N
88,E,P,97,FR3,E97P
88,E,Q,97,FR3,E97Q
88,E,R,97,FR3,E97R
88,E,S,97,FR3,E97S
88,E,T,97,FR3,E97T
88,E,V,97,FR3,E97V
88,E,W,97,FR3,E97W
88,E,Y,97,FR3,E97Y
89,D,A,98,FR3,D98A
89,D,C,98,FR3,D98C
89,D,E,98,FR3,D98E
89,D,F,98,FR3,D98F
89,D,G,98,FR3,D98G
89,D,H,98,FR3,D98H
89,D,I,98,FR3,D98I
89,D,K,98,FR3,D98K
89,D,L,98,FR3,D98L
89,D,M,98,FR3,D98M
89,D,N,98,FR3,D98N
89,D,P,98,FR3,D98P
89,D,Q,98,FR3,D98Q
89,D,R,98,FR3,D98R
89,D,S,98,FR3,D98S
89,D,T,98,FR3,D98T
89,D,V,98,FR3,D98V
89,D,W,98,FR3,D98W
89,D,Y,98,FR3,D98Y
90,T,A,99,FR3,T99A
90,T,C,99,FR3,T99C
90,T,D,99,FR3,T99D
90,T,E,99,FR3,T99E
90,T,F,99,FR3,T99F
90,T,G,99,FR3,T99G
90,T,H,99,FR3,T99H
90,T,I,99,FR3,T99I
90,T,K,99,FR3,T99K
90,T,L,99,FR3,T99L
90,T,M,99,FR3,T99M
90,T,N,99,FR3,T99N
90,T,P,99,FR3,T99P
90,T,Q,99,FR3,T99Q
90,T,R,99,FR3,T99R
90,T,S,99,FR3,T99S
90,T,V,99,FR3,T99V
90,T,W,99,FR3,T99W
90,T,Y,99,FR3,T99Y
91,A,C,100,FR3,A100C
91,A,D,100,FR3,A100D
91,A,E,100,FR3,A100E
91,A,F,100,FR3,A100F
91,A,G,100,FR3,A100G
91,A,H,100,FR3,A100H
91,A,I,100,FR3,A100I
91,A,K,100,FR3,A100K
91,A,L,100,FR3,A100L
91,A,M,100,FR3,A100M
91,A,N,100,FR3,A100N
91,A,P,100,FR3,A100P
91,A,Q,100,FR3,A100Q
91,A,R,100,FR3,A100R
91,A,S,100,FR3,A100S
91,A,T,100,FR3,A100T
91,A,V,100,FR3,A100V
91,A,W,100,FR3,A100W
91,A,Y,100,FR3,A100Y
92,M,A,101,FR3,M101A
92,M,C,101,FR3,M101C
92,M,D,101,FR3,M101D
92,M,E,101,FR3,M101E
92,M,F,101,FR3,M101F
92,M,G,101,FR3,M101G
92,M,H,101,FR3,M101H
92,M,I,101,FR3,M101I
92,M,K,101,FR3,M101K
92,M,L,101,FR3,M101L
92,M,N,101,FR3,M101N
92,M,P,101,FR3,M101P
92,M,Q,101,FR3,M101Q
92,M,R,101,FR3,M101R
92,M,S,101,FR3,M101S
92,M,T,101,FR3,M101T
92,M,V,101,FR3,M101V
92,M,W,101,FR3,M101W
92,M,Y,101,FR3,M101Y
93,Y,A,102,FR3,Y102A
93,Y,C,102,FR3,Y102C
93,Y,D,102,FR3,Y102D
93,Y,E,102,FR3,Y102E
93,Y,F,102,FR3,Y102F
93,Y,G,102,FR3,Y102G
93,Y,H,102,FR3,Y102H
93,Y,I,102,FR3,Y102I
93,Y,K,102,FR3,Y102K
93,Y,L,102,FR3,Y102L
93,Y,M,102,FR3,Y102M
93,Y,N,102,FR3,Y102N
93,Y,P,102,FR3,Y102P
93,Y,Q,102,FR3,Y102Q
93,Y,R,102,FR3,Y102R
93,Y,S,102,FR3,Y102S
93,Y,T,102,FR3,Y102T
93,Y,V,102,FR3,Y102V
93,Y,W,102,FR3,Y102W
94,Y,A,103,FR3,Y103A
94,Y,C,103,FR3,Y103C
94,Y,D,103,FR3,Y103D
94,Y,E,103,FR3,Y103E
94,Y,F,103,FR3,Y103F
94,Y,G,103,FR3,Y103G
94,Y,H,103,FR3,Y103H
94,Y,I,103,FR3,Y103I
94,Y,K,103,FR3,Y103K
94,Y,L,103,FR3,Y103L
94,Y,M,103,FR3,Y103M
94,Y,N,103,FR3,Y103N
94,Y,P,103,FR3,Y103P
94,Y,Q,103,FR3,Y103Q
94,Y,R,103,FR3,Y103R
94,Y,S,103,FR3,Y103S
94,Y,T,103,FR3,Y103T
94,Y,V,103,FR3,Y103V
94,Y,W,103,FR3,Y103W
115,W,A,118,FR4,W118A
115,W,C,118,FR4,W118C
115,W,D,118,FR4,W118D
115,W,E,118,FR4,W118E
115,W,F,118,FR4,W118F
115,W,G,118,FR4,W118G
115,W,H,118,FR4,W118H
115,W,I,118,FR4,W118I
115,W,K,118,FR4,W118K
115,W,L,118,FR4,W118L
115,W,M,118,FR4,W118M
115,W,N,118,FR4,W118N
115,W,P,118,FR4,W118P
115,W,Q,118,FR4,W118Q
115,W,R,118,FR4,W118R
115,W,S,118,FR4,W118S
115,W,T,118,FR4,W118T
115,W,V,118,FR4,W118V
115,W,Y,118,FR4,W118Y
116,G,A,119,FR4,G119A
116,G,C,119,FR4,G119C
116,G,D,119,FR4,G119D
116,G,E,119,FR4,G119E
116,G,F,119,FR4,G119F
116,G,H,119,FR4,G119H
116,G,I,119,FR4,G119I
116,G,K,119,FR4,G119K
116,G,L,119,FR4,G119L
116,G,M,119,FR4,G119M
116,G,N,119,FR4,G119N
116,G,P,119,FR4,G119P
116,G,Q,119,FR4,G119Q
116,G,R,119,FR4,G119R
116,G,S,119,FR4,G119S
116,G,T,119,FR4,G119T
116,G,V,119,FR4,G119V
116,G,W,119,FR4,G119W
116,G,Y,119,FR4,G119Y
117,Q,A,120,FR4,Q120A
117,Q,C,120,FR4,Q120C
117,Q,D,120,FR4,Q120D
117,Q,E,120,FR4,Q120E
117,Q,F,120,FR4,Q120F
117,Q,G,120,FR4,Q120G
117,Q,H,120,FR4,Q120H
117,Q,I,120,FR4,Q120I
117,Q,K,120,FR4,Q120K
117,Q,L,120,FR4,Q120L
117,Q,M,120,FR4,Q120M
117,Q,N,120,FR4,Q120N
117,Q,P,120,FR4,Q120P
117,Q,R,120,FR4,Q120R
117,Q,S,120,FR4,Q120S
117,Q,T,120,FR4,Q120T
117,Q,V,120,FR4,Q120V
117,Q,W,120,FR4,Q120W
117,Q,Y,120,FR4,Q120Y
118,G,A,121,FR4,G121A
118,G,C,121,FR4,G121C
118,G,D,121,FR4,G121D
118,G,E,121,FR4,G121E
118,G,F,121,FR4,G121F
118,G,H,121,FR4,G121H
118,G,I,121,FR4,G121I
118,G,K,121,FR4,G121K
118,G,L,121,FR4,G121L
118,G,M,121,FR4,G121M
118,G,N,121,FR4,G121N
118,G,P,121,FR4,G121P
118,G,Q,121,FR4,G121Q
118,G,R,121,FR4,G121R
118,G,S,121,FR4,G121S
118,G,T,121,FR4,G121T
118,G,V,121,FR4,G121V
118,G,W,121,FR4,G121W
118,G,Y,121,FR4,G121Y
119,T,A,122,FR4,T122A
119,T,C,122,FR4,T122C
119,T,D,122,FR4,T122D
119,T,E,122,FR4,T122E
119,T,F,122,FR4,T122F
119,T,G,122,FR4,T122G
119,T,H,122,FR4,T122H
119,T,I,122,FR4,T122I
119,T,K,122,FR4,T122K
119,T,L,122,FR4,T122L
119,T,M,122,FR4,T122M
119,T,N,122,FR4,T122N
119,T,P,122,FR4,T122P
119,T,Q,122,FR4,T122Q
119,T,R,122,FR4,T122R
119,T,S,122,FR4,T122S
119,T,V,122,FR4,T122V
119,T,W,122,FR4,T122W
119,T,Y,122,FR4,T122Y
120,Q,A,123,FR4,Q123A
120,Q,C,123,FR4,Q123C
120,Q,D,123,FR4,Q123D
120,Q,E,123,FR4,Q123E
120,Q,F,123,FR4,Q123F
120,Q,G,123,FR4,Q123G
120,Q,H,123,FR4,Q123H
120,Q,I,123,FR4,Q123I
120,Q,K,123,FR4,Q123K
120,Q,L,123,FR4,Q123L
120,Q,M,123,FR4,Q123M
120,Q,N,123,FR4,Q123N
120,Q,P,123,FR4,Q123P
120,Q,R,123,FR4,Q123R
120,Q,S,123,FR4,Q123S
120,Q,T,123,FR4,Q123T
120,Q,V,123,FR4,Q123V
120,Q,W,123,FR4,Q123W
120,Q,Y,123,FR4,Q123Y
121,V,A,124,FR4,V124A
121,V,C,124,FR4,V124C
121,V,D,124,FR4,V124D
121,V,E,124,FR4,V124E
121,V,F,124,FR4,V124F
121,V,G,124,FR4,V124G
121,V,H,124,FR4,V124H
121,V,I,124,FR4,V124I
121,V,K,124,FR4,V124K
121,V,L,124,FR4,V124L
121,V,M,124,FR4,V124M
121,V,N,124,FR4,V124N
121,V,P,124,FR4,V124P
121,V,Q,124,FR4,V124Q
121,V,R,124,FR4,V124R
121,V,S,124,FR4,V124S
121,V,T,124,FR4,V124T
121,V,W,124,FR4,V124W
121,V,Y,124,FR4,V124Y
122,T,A,125,FR4,T125A
122,T,C,125,FR4,T125C
122,T,D,125,FR4,T125D
122,T,E,125,FR4,T125E
122,T,F,125,FR4,T125F
122,T,G,125,FR4,T125G
122,T,H,125,FR4,T125H
122,T,I,125,FR4,T125I
122,T,K,125,FR4,T125K
122,T,L,125,FR4,T125L
122,T,M,125,FR4,T125M
122,T,N,125,FR4,T125N
122,T,P,125,FR4,T125P
122,T,Q,125,FR4,T125Q
122,T,R,125,FR4,T125R
122,T,S,125,FR4,T125S
122,T,V,125,FR4,T125V
122,T,W,125,FR4,T125W
122,T,Y,125,FR4,T125Y
123,V,A,126,FR4,V126A
123,V,C,126,FR4,V126C
123,V,D,126,FR4,V126D
123,V,E,126,FR4,V126E
123,V,F,126,FR4,V126F
123,V,G,126,FR4,V126G
123,V,H,126,FR4,V126H
123,V,I,126,FR4,V126I
123,V,K,126,FR4,V126K
123,V,L,126,FR4,V126L
123,V,M,126,FR4,V126M
123,V,N,126,FR4,V126N
123,V,P,126,FR4,V126P
123,V,Q,126,FR4,V126Q
123,V,R,126,FR4,V126R
123,V,S,126,FR4,V126S
123,V,T,126,FR4,V126T
123,V,W,126,FR4,V126W
123,V,Y,126,FR4,V126Y
124,S,A,127,FR4,S127A
124,S,C,127,FR4,S127C
124,S,D,127,FR4,S127D
124,S,E,127,FR4,S127E
124,S,F,127,FR4,S127F
124,S,G,127,FR4,S127G
124,S,H,127,FR4,S127H
124,S,I,127,FR4,S127I
124,S,K,127,FR4,S127K
124,S,L,127,FR4,S127L
124,S,M,127,FR4,S127M
124,S,N,127,FR4,S127N
124,S,P,127,FR4,S127P
124,S,Q,127,FR4,S127Q
124,S,R,127,FR4,S127R
124,S,T,127,FR4,S127T
124,S,V,127,FR4,S127V
124,S,W,127,FR4,S127W
124,S,Y,127,FR4,S127Y
125,S,A,128,FR4,S128A
125,S,C,128,FR4,S128C
125,S,D,128,FR4,S128D
125,S,E,128,FR4,S128E
125,S,F,128,FR4,S128F
125,S,G,128,FR4,S128G
125,S,H,128,FR4,S128H
125,S,I,128,FR4,S128I
125,S,K,128,FR4,S128K
125,S,L,128,FR4,S128L
125,S,M,128,FR4,S128M
125,S,N,128,FR4,S128N
125,S,P,128,FR4,S128P
125,S,Q,128,FR4,S128Q
125,S,R,128,FR4,S128R
125,S,T,128,FR4,S128T
125,S,V,128,FR4,S128V
125,S,W,128,FR4,S128W
125,S,Y,128,FR4,S128Y
