pdb_pos,imgt_pos,region,wt_aa,hum_aa,germline_aa,wt_germline_match,hum_germline_match,wt_vh3_prop,hum_vh3_prop,mutated
1,1,FR1,Q,Q,E,0,0,0.1493,0.1493,False
2,2,FR1,V,V,V,1,1,0.9104,0.9104,False
3,3,FR1,Q,Q,Q,1,1,1.0,1.0,False
4,4,FR1,L,L,L,1,1,1.0,1.0,False
5,5,FR1,Q,V,V,0,1,0.0,0.9701,True
6,6,FR1,E,E,E,1,1,1.0,1.0,False
7,7,FR1,S,S,S,1,1,0.9851,0.9851,False
8,8,FR1,G,G,G,1,1,0.9851,0.9851,False
9,9,FR1,G,G,G,1,1,0.9701,0.9701,False
10,11,FR1,G,G,G,1,1,0.9403,0.9403,False
11,12,FR1,S,L,L,0,1,0.0,0.7761,True
12,13,FR1,V,V,V,1,1,0.9104,0.9104,False
13,14,FR1,Q,Q,Q,1,1,0.7612,0.7612,False
14,15,FR1,A,A,P,0,0,0.0,0.0,False
15,16,FR1,G,G,G,1,1,0.9403,0.9403,False
16,17,FR1,G,G,G,1,1,0.7612,0.7612,False
17,18,FR1,S,S,S,1,1,1.0,1.0,False
18,19,FR1,L,L,L,1,1,0.9552,0.9552,False
19,20,FR1,R,R,R,1,1,0.9701,0.9701,False
20,21,FR1,L,L,L,1,1,0.9701,0.9701,False
21,22,FR1,S,S,S,1,1,1.0,1.0,False
22,23,FR1,C,C,C,1,1,0.9851,0.9851,False
23,24,FR1,A,A,A,1,1,0.9403,0.9403,False
24,25,FR1,A,A,A,1,1,1.0,1.0,False
25,26,FR1,S,S,S,1,1,1.0,1.0,False
34,39,FR2,M,M,M,1,1,0.9701,0.9701,False
35,40,FR2,G,S,S,0,1,0.0,0.3134,True
36,41,FR2,W,W,W,1,1,0.9552,0.9552,False
37,42,FR2,F,F,V,0,0,0.0299,0.0299,False
38,43,FR2,R,R,R,1,1,0.9552,0.9552,False
39,44,FR2,Q,Q,Q,1,1,0.9254,0.9254,False
40,45,FR2,V,V,A,0,0,0.0,0.0,False
41,46,FR2,P,P,P,1,1,0.9403,0.9403,False
42,47,FR2,G,G,G,1,1,0.9851,0.9851,False
43,48,FR2,K,K,K,1,1,0.9552,0.9552,False
44,49,FR2,Q,Q,G,0,0,0.0,0.0,False
45,50,FR2,R,R,L,0,0,0.0,0.0,False
46,51,FR2,E,E,E,1,1,0.9552,0.9552,False
47,52,FR2,A,A,W,0,0,0.0,0.0,False
48,53,FR2,V,V,V,1,1,1.0,1.0,False
49,54,FR2,A,A,S,0,0,0.1194,0.1194,False
50,55,FR2,I,L,V,0,0,0.0,0.0597,True
58,66,FR3,Y,Y,Y,1,1,0.6567,0.6567,False
59,67,FR3,Y,Y,Y,1,1,0.9552,0.9552,False
60,68,FR3,A,A,A,1,1,0.8358,0.8358,False
61,69,FR3,D,D,D,1,1,0.8358,0.8358,False
62,70,FR3,S,S,S,1,1,0.9701,0.9701,False
63,71,FR3,V,V,V,1,1,0.9104,0.9104,False
64,72,FR3,K,K,K,1,1,0.9701,0.9701,False
65,74,FR3,G,G,G,1,1,0.9104,0.9104,False
66,75,FR3,R,R,R,1,1,0.9851,0.9851,False
67,76,FR3,F,F,F,1,1,1.0,1.0,False
68,77,FR3,T,T,T,1,1,0.8657,0.8657,False
69,78,FR3,I,I,I,1,1,0.9552,0.9552,False
70,79,FR3,S,S,S,1,1,1.0,1.0,False
71,80,FR3,R,R,R,1,1,1.0,1.0,False
72,81,FR3,D,D,D,1,1,0.9403,0.9403,False
73,82,FR3,N,N,N,1,1,0.8955,0.8955,False
74,83,FR3,A,S,S,0,1,0.403,0.597,True
75,84,FR3,K,K,K,1,1,0.8955,0.8955,False
76,85,FR3,N,N,N,1,1,0.9254,0.9254,False
77,86,FR3,T,T,T,1,1,0.4776,0.4776,False
78,87,FR3,L,L,L,1,1,0.9403,0.9403,False
79,88,FR3,Y,Y,Y,1,1,0.9403,0.9403,False
80,89,FR3,L,L,L,1,1,0.9851,0.9851,False
81,90,FR3,Q,Q,Q,1,1,0.9851,0.9851,False
82,91,FR3,M,M,M,1,1,0.9254,0.9254,False
83,92,FR3,N,N,N,1,1,0.9403,0.9403,False
84,93,FR3,S,S,S,1,1,0.9254,0.9254,False
85,94,FR3,L,L,L,1,1,0.9552,0.9552,False
86,95,FR3,K,R,R,0,1,0.1493,0.8209,True
87,96,FR3,P,P,A,0,0,0.0149,0.0149,False
88,97,FR3,E,E,E,1,1,0.9552,0.9552,False
89,98,FR3,D,D,D,1,1,0.9701,0.9701,False
90,99,FR3,T,T,T,1,1,0.8358,0.8358,False
91,100,FR3,A,A,A,1,1,1.0,1.0,False
92,101,FR3,M,V,V,0,1,0.0,0.7761,True
93,102,FR3,Y,Y,Y,1,1,1.0,1.0,False
94,103,FR3,Y,Y,Y,1,1,0.9538,0.9538,False
95,104,FR3,C,C,C,1,1,1.0,1.0,False
115,118,FR4,W,W,,0,0,0.0,0.0,False
116,119,FR4,G,G,,0,0,0.0,0.0,False
117,120,FR4,Q,Q,,0,0,0.0,0.0,False
118,121,FR4,G,G,,0,0,0.0,0.0,False
119,122,FR4,T,T,,0,0,0.0,0.0,False
120,123,FR4,Q,L,,0,0,0.0,0.0,True
121,124,FR4,V,V,,0,0,0.0,0.0,False
122,125,FR4,T,T,,0,0,0.0,0.0,False
123,126,FR4,V,V,,0,0,0.0,0.0,False
124,127,FR4,S,S,,0,0,0.0,0.0,False
125,128,FR4,S,S,,0,0,0.0,0.0,False
